date,Volatility
2017/1/1,0.022228868
2017/1/2,0.034239915
2017/1/3,0.025231658
2017/1/4,0.056996064
2017/1/5,0.173446029
2017/1/6,0.098443795
2017/1/7,0.096638892
2017/1/8,0.054899426
2017/1/9,0.042913447
2017/1/10,0.025172542
2017/1/11,0.094433513
2017/1/12,0.066997271
2017/1/13,0.049527844
2017/1/14,0.028919093
2017/1/15,0.020096147
2017/1/16,0.021176331
2017/1/17,0.039970288
2017/1/18,0.042425641
2017/1/19,0.027465928
2017/1/20,0.020037032
2017/1/21,0.026026651
2017/1/22,0.03066758
2017/1/23,0.022937556
2017/1/24,0.028705217
2017/1/25,0.018237521
2017/1/26,0.013261304
2017/1/27,0.012186466
2017/1/28,0.010028269
2017/1/29,0.010598491
2017/1/30,0.009572456
2017/1/31,0.024866006
2017/2/1,0.017823754
2017/2/2,0.021323509
2017/2/3,0.038434428
2017/2/4,0.024193775
2017/2/5,0.021754551
2017/2/6,0.015865918
2017/2/7,0.015309147
2017/2/8,0.038193338
2017/2/9,0.073063903
2017/2/10,0.041024296
2017/2/11,0.019410817
2017/2/12,0.013495546
2017/2/13,0.028348911
2017/2/14,0.026609506
2017/2/15,0.009583419
2017/2/16,0.020582679
2017/2/17,0.022330071
2017/2/18,0.020173486
2017/2/19,0.023535057
2017/2/20,0.021886936
2017/2/21,0.026551485
2017/2/22,0.026304722
2017/2/23,0.028121832
2017/2/24,0.06275089
2017/2/25,0.032711888
2017/2/26,0.02670018
2017/2/27,0.02717829
2017/2/28,0.023431251
2017/3/1,0.020255792
2017/3/2,0.028031679
2017/3/3,0.026943827
2017/3/4,0.024680072
2017/3/5,0.01833294
2017/3/6,0.018627463
2017/3/7,0.0378819
2017/3/8,0.05947747
2017/3/9,0.033876988
2017/3/10,0.150975539
2017/3/11,0.046497185
2017/3/12,0.033120369
2017/3/13,0.025978468
2017/3/14,0.017338608
2017/3/15,0.01408307
2017/3/16,0.04624481
2017/3/17,0.067745254
2017/3/18,0.093114497
2017/3/19,0.059614426
2017/3/20,0.038290257
2017/3/21,0.040448158
2017/3/22,0.065339374
2017/3/23,0.038896966
2017/3/24,0.061295612
2017/3/25,0.06825959
2017/3/26,0.043063954
2017/3/27,0.04354513
2017/3/28,0.041514952
2017/3/29,0.035389493
2017/3/30,0.03618347
2017/3/31,0.032146893
2017/4/1,0.025917425
2017/4/2,0.032793194
2017/4/3,0.031422295
2017/4/4,0.031208151
2017/4/5,0.022848279
2017/4/6,0.029538293
2017/4/7,0.025539606
2017/4/8,0.019974374
2017/4/9,0.020128348
2017/4/10,0.018667787
2017/4/11,0.016342081
2017/4/12,0.018013867
2017/4/13,0.042040714
2017/4/14,0.033951286
2017/4/15,0.015847579
2017/4/16,0.030843917
2017/4/17,0.028304784
2017/4/18,0.012904674
2017/4/19,0.015730809
2017/4/20,0.01997457
2017/4/21,0.017739334
2017/4/22,0.018510796
2017/4/23,0.014517547
2017/4/24,0.013765062
2017/4/25,0.015920706
2017/4/26,0.021062744
2017/4/27,0.020478002
2017/4/28,0.030423837
2017/4/29,0.019227666
2017/4/30,0.020273968
2017/5/1,0.037455484
2017/5/2,0.046646466
2017/5/3,0.029506292
2017/5/4,0.085837989
2017/5/5,0.064148048
2017/5/6,0.033984433
2017/5/7,0.028281784
2017/5/8,0.047985382
2017/5/9,0.045092565
2017/5/10,0.034960346
2017/5/11,0.046473068
2017/5/12,0.057119453
2017/5/13,0.06064726
2017/5/14,0.036919712
2017/5/15,0.049926956
2017/5/16,0.050405291
2017/5/17,0.061554377
2017/5/18,0.038677657
2017/5/19,0.032219331
2017/5/20,0.035959401
2017/5/21,0.040576947
2017/5/22,0.070811038
2017/5/23,0.050395242
2017/5/24,0.053675975
2017/5/25,0.135022334
2017/5/26,0.158320095
2017/5/27,0.146655222
2017/5/28,0.09204232
2017/5/29,0.059247942
2017/5/30,0.049589579
2017/5/31,0.055723005
2017/6/1,0.040108757
2017/6/2,0.036599532
2017/6/3,0.034693661
2017/6/4,0.040877895
2017/6/5,0.031181788
2017/6/6,0.070376112
2017/6/7,0.055310508
2017/6/8,0.049929021
2017/6/9,0.031144948
2017/6/10,0.039252
2017/6/11,0.025734371
2017/6/12,0.088470391
2017/6/13,0.053348037
2017/6/14,0.086956749
2017/6/15,0.121062984
2017/6/16,0.060379503
2017/6/17,0.044180081
2017/6/18,0.057252431
2017/6/19,0.042182531
2017/6/20,0.03878229
2017/6/21,0.050256389
2017/6/22,0.037047312
2017/6/23,0.024150115
2017/6/24,0.043411348
2017/6/25,0.044530816
2017/6/26,0.07450424
2017/6/27,0.068780287
2017/6/28,0.042200474
2017/6/29,0.035629191
2017/6/30,0.02739803
2017/7/1,0.032446844
2017/7/2,0.038445995
2017/7/3,0.031207672
2017/7/4,0.030260355
2017/7/5,0.024069821
2017/7/6,0.023249329
2017/7/7,0.030087952
2017/7/8,0.029249304
2017/7/9,0.022014076
2017/7/10,0.04632416
2017/7/11,0.05053833
2017/7/12,0.042014848
2017/7/13,0.03009579
2017/7/14,0.057123061
2017/7/15,0.078297187
2017/7/16,0.077751023
2017/7/17,0.070420889
2017/7/18,0.068457901
2017/7/19,0.060708302
2017/7/20,0.093244472
2017/7/21,0.094316651
2017/7/22,0.056823311
2017/7/23,0.065203434
2017/7/24,0.034076413
2017/7/25,0.068986525
2017/7/26,0.063573153
2017/7/27,0.045807994
2017/7/28,0.049680671
2017/7/29,0.039563557
2017/7/30,0.054630659
2017/7/31,0.061082986
2017/8/1,0.078447465
2017/8/2,0.034636436
2017/8/3,0.02287286
2017/8/4,0.026554628
2017/8/5,0.070524556
2017/8/6,0.04199592
2017/8/7,0.036634202
2017/8/8,0.041353337
2017/8/9,0.043934142
2017/8/10,0.031247667
2017/8/11,0.029454749
2017/8/12,0.05300885
2017/8/13,0.077968125
2017/8/14,0.053131283
2017/8/15,0.079508606
2017/8/16,0.064302236
2017/8/17,0.055226074
2017/8/18,0.065529381
2017/8/19,0.059942431
2017/8/20,0.03958267
2017/8/21,0.032911792
2017/8/22,0.074842646
2017/8/23,0.042765562
2017/8/24,0.033339676
2017/8/25,0.03850493
2017/8/26,0.023941246
2017/8/27,0.020747422
2017/8/28,0.028048082
2017/8/29,0.042341367
2017/8/30,0.027624748
2017/8/31,0.022509541
2017/9/1,0.026572483
2017/9/2,0.067983002
2017/9/3,0.047021851
2017/9/4,0.073102256
2017/9/5,0.06712902
2017/9/6,0.041321889
2017/9/7,0.030956428
2017/9/8,0.078638364
2017/9/9,0.046561848
2017/9/10,0.049744071
2017/9/11,0.0536101
2017/9/12,0.04076782
2017/9/13,0.065225446
2017/9/14,0.098967802
2017/9/15,0.140758431
2017/9/16,0.086057389
2017/9/17,0.059299212
2017/9/18,0.054752817
2017/9/19,0.054302265
2017/9/20,0.042878652
2017/9/21,0.053112782
2017/9/22,0.054705814
2017/9/23,0.03906596
2017/9/24,0.034430748
2017/9/25,0.041764029
2017/9/26,0.023005218
2017/9/27,0.033838017
2017/9/28,0.031899042
2017/9/29,0.039895814
2017/9/30,0.02649421
2017/10/1,0.022770341
2017/10/2,0.02429842
2017/10/3,0.032690833
2017/10/4,0.027404204
2017/10/5,0.030518806
2017/10/6,0.025639153
2017/10/7,0.022567299
2017/10/8,0.023940042
2017/10/9,0.037037997
2017/10/10,0.03318676
2017/10/11,0.02600017
2017/10/12,0.048284535
2017/10/13,0.083639571
2017/10/14,0.034304837
2017/10/15,0.055493869
2017/10/16,0.035350934
2017/10/17,0.034971381
2017/10/18,0.065124427
2017/10/19,0.033104219
2017/10/20,0.042789176
2017/10/21,0.04370353
2017/10/22,0.054682425
2017/10/23,0.055397768
2017/10/24,0.053369035
2017/10/25,0.047670658
2017/10/26,0.036739642
2017/10/27,0.034617095
2017/10/28,0.030628336
2017/10/29,0.042800748
2017/10/30,0.028088991
2017/10/31,0.026792445
2017/11/1,0.030672424
2017/11/2,0.076647046
2017/11/3,0.04386989
2017/11/4,0.038477401
2017/11/5,0.039891283
2017/11/6,0.051925096
2017/11/7,0.035908068
2017/11/8,0.076783145
2017/11/9,0.047920996
2017/11/10,0.070148434
2017/11/11,0.065401806
2017/11/12,0.109267285
2017/11/13,0.081444341
2017/11/14,0.044913563
2017/11/15,0.050436632
2017/11/16,0.052659573
2017/11/17,0.05417391
2017/11/18,0.045068679
2017/11/19,0.031734488
2017/11/20,0.026422834
2017/11/21,0.042782633
2017/11/22,0.029984835
2017/11/23,0.027301743
2017/11/24,0.037794258
2017/11/25,0.030218567
2017/11/26,0.045217878
2017/11/27,0.047129404
2017/11/28,0.028309836
2017/11/29,0.139847623
2017/11/30,0.115404953
2017/12/1,0.078813686
2017/12/2,0.058014432
2017/12/3,0.078795639
2017/12/4,0.05792573
2017/12/5,0.037947928
2017/12/6,0.055916114
2017/12/7,0.121647282
2017/12/8,0.142895297
2017/12/9,0.109521911
2017/12/10,0.123207178
2017/12/11,0.077765775
2017/12/12,0.050246686
2017/12/13,0.070329471
2017/12/14,0.058237533
2017/12/15,0.059838933
2017/12/16,0.039333588
2017/12/17,0.052469896
2017/12/18,0.068143736
2017/12/19,0.076827204
2017/12/20,0.118676521
2017/12/21,0.086659183
2017/12/22,0.231510542
2017/12/23,0.12549609
2017/12/24,0.121273199
2017/12/25,0.096608003
2017/12/26,0.078737232
2017/12/27,0.082907122
2017/12/28,0.105415095
2017/12/29,0.069214743
2017/12/30,0.108212184
2017/12/31,0.089594961
2018/1/1,0.062205463
2018/1/2,0.078058491
2018/1/3,0.058393944
2018/1/4,0.063134794
2018/1/5,0.0606038
2018/1/6,0.053564581
2018/1/7,0.045098775
2018/1/8,0.074923413
2018/1/9,0.071955347
2018/1/10,0.067394314
2018/1/11,0.104160423
2018/1/12,0.06792004
2018/1/13,0.045076495
2018/1/14,0.0607279
2018/1/15,0.047970844
2018/1/16,0.169698955
2018/1/17,0.16451139
2018/1/18,0.111319505
2018/1/19,0.081522093
2018/1/20,0.079597564
2018/1/21,0.07492777
2018/1/22,0.10242358
2018/1/23,0.094627822
2018/1/24,0.073760568
2018/1/25,0.055410505
2018/1/26,0.071980149
2018/1/27,0.058206482
2018/1/28,0.045046259
2018/1/29,0.050849935
2018/1/30,0.080743022
2018/1/31,0.063943798
2018/2/1,0.091147353
2018/2/2,0.129055637
2018/2/3,0.085399287
2018/2/4,0.093104669
2018/2/5,0.138459923
2018/2/6,0.201241067
2018/2/7,0.108549978
2018/2/8,0.092287207
2018/2/9,0.076970951
2018/2/10,0.07868385
2018/2/11,0.077299367
2018/2/12,0.059785562
2018/2/13,0.051213902
2018/2/14,0.048126843
2018/2/15,0.05185112
2018/2/16,0.049576021
2018/2/17,0.048039949
2018/2/18,0.071880462
2018/2/19,0.052065645
2018/2/20,0.052305452
2018/2/21,0.073245137
2018/2/22,0.068099032
2018/2/23,0.0507505
2018/2/24,0.058423504
2018/2/25,0.047265741
2018/2/26,0.051140622
2018/2/27,0.045714112
2018/2/28,0.046077794
2018/3/1,0.033943214
2018/3/2,0.037807899
2018/3/3,0.031079956
2018/3/4,0.030015557
2018/3/5,0.024948598
2018/3/6,0.038537572
2018/3/7,0.072097375
2018/3/8,0.078477788
2018/3/9,0.103726425
2018/3/10,0.052537915
2018/3/11,0.074698804
2018/3/12,0.067723138
2018/3/13,0.079129946
2018/3/14,0.059588761
2018/3/15,0.079370744
2018/3/16,0.0650939
2018/3/17,0.053838569
2018/3/18,0.084434583
2018/3/19,0.062567493
2018/3/20,0.048986585
2018/3/21,0.03636328
2018/3/22,0.039593355
2018/3/23,0.043801026
2018/3/24,0.039486117
2018/3/25,0.03835919
2018/3/26,0.051254645
2018/3/27,0.054185583
2018/3/28,0.03632866
2018/3/29,0.052986634
2018/3/30,0.086027358
2018/3/31,0.054287166
2018/4/1,0.067475925
2018/4/2,0.046976432
2018/4/3,0.034654461
2018/4/4,0.051019409
2018/4/5,0.056901937
2018/4/6,0.041669818
2018/4/7,0.036127389
2018/4/8,0.02397854
2018/4/9,0.037645903
2018/4/10,0.022305847
2018/4/11,0.017120599
2018/4/12,0.084995987
2018/4/13,0.048903073
2018/4/14,0.032731377
2018/4/15,0.034239002
2018/4/16,0.034818772
2018/4/17,0.031933668
2018/4/18,0.04236567
2018/4/19,0.017648979
2018/4/20,0.03592115
2018/4/21,0.029319204
2018/4/22,0.02720341
2018/4/23,0.017908373
2018/4/24,0.038592181
2018/4/25,0.053825903
2018/4/26,0.046477548
2018/4/27,0.030878204
2018/4/28,0.042882449
2018/4/29,0.025142153
2018/4/30,0.028544239
2018/5/1,0.02682764
2018/5/2,0.019113474
2018/5/3,0.028443791
2018/5/4,0.025772194
2018/5/5,0.024329395
2018/5/6,0.031511203
2018/5/7,0.033405602
2018/5/8,0.023744385
2018/5/9,0.025624325
2018/5/10,0.028355291
2018/5/11,0.044531889
2018/5/12,0.047083226
2018/5/13,0.032997597
2018/5/14,0.05244825
2018/5/15,0.034791465
2018/5/16,0.047762329
2018/5/17,0.03230621
2018/5/18,0.028819453
2018/5/19,0.025228782
2018/5/20,0.022714639
2018/5/21,0.019672918
2018/5/22,0.024031886
2018/5/23,0.039896743
2018/5/24,0.043463474
2018/5/25,0.034519569
2018/5/26,0.034780451
2018/5/27,0.021687495
2018/5/28,0.027795674
2018/5/29,0.029024373
2018/5/30,0.024154852
2018/5/31,0.026652528
2018/6/1,0.028901396
2018/6/2,0.025257692
2018/6/3,0.019007224
2018/6/4,0.017219394
2018/6/5,0.025279006
2018/6/6,0.024590195
2018/6/7,0.014850466
2018/6/8,0.014021633
2018/6/9,0.012931444
2018/6/10,0.05464629
2018/6/11,0.028580423
2018/6/12,0.034691354
2018/6/13,0.056417743
2018/6/14,0.036807976
2018/6/15,0.032296119
2018/6/16,0.027340472
2018/6/17,0.017170171
2018/6/18,0.036963618
2018/6/19,0.021085751
2018/6/20,0.024817398
2018/6/21,0.013441545
2018/6/22,0.04775142
2018/6/23,0.027128731
2018/6/24,0.056851809
2018/6/25,0.028984581
2018/6/26,0.024623714
2018/6/27,0.024600974
2018/6/28,0.023956664
2018/6/29,0.043227111
2018/6/30,0.037774462
2018/7/1,0.021920182
2018/7/2,0.040548643
2018/7/3,0.022949521
2018/7/4,0.043029088
2018/7/5,0.025330539
2018/7/6,0.020475238
2018/7/7,0.033711113
2018/7/8,0.01351337
2018/7/9,0.016342457
2018/7/10,0.029016295
2018/7/11,0.018109665
2018/7/12,0.025839937
2018/7/13,0.018293778
2018/7/14,0.018989078
2018/7/15,0.013645618
2018/7/16,0.025162644
2018/7/17,0.074274571
2018/7/18,0.033499127
2018/7/19,0.02501763
2018/7/20,0.033804304
2018/7/21,0.01860327
2018/7/22,0.034582033
2018/7/23,0.027673677
2018/7/24,0.038117256
2018/7/25,0.030344408
2018/7/26,0.030432184
2018/7/27,0.036819847
2018/7/28,0.016801154
2018/7/29,0.01765647
2018/7/30,0.033846225
2018/7/31,0.030886016
2018/8/1,0.028287651
2018/8/2,0.022792789
2018/8/3,0.030789874
2018/8/4,0.034866223
2018/8/5,0.030933889
2018/8/6,0.026015949
2018/8/7,0.039148016
2018/8/8,0.053745404
2018/8/9,0.035174814
2018/8/10,0.049873209
2018/8/11,0.044172854
2018/8/12,0.031389142
2018/8/13,0.027223554
2018/8/14,0.043273258
2018/8/15,0.053676047
2018/8/16,0.041443986
2018/8/17,0.030714485
2018/8/18,0.027797235
2018/8/19,0.023485416
2018/8/20,0.030247337
2018/8/21,0.024848039
2018/8/22,0.06669153
2018/8/23,0.020424869
2018/8/24,0.019682288
2018/8/25,0.019168863
2018/8/26,0.019583355
2018/8/27,0.026602663
2018/8/28,0.020600596
2018/8/29,0.019328297
2018/8/30,0.023706506
2018/8/31,0.020121222
2018/9/1,0.023141236
2018/9/2,0.018966609
2018/9/3,0.018072036
2018/9/4,0.014534212
2018/9/5,0.047592577
2018/9/6,0.060203724
2018/9/7,0.030530239
2018/9/8,0.032216225
2018/9/9,0.030873198
2018/9/10,0.017909136
2018/9/11,0.024127102
2018/9/12,0.016085791
2018/9/13,0.019835495
2018/9/14,0.026462363
2018/9/15,0.01623703
2018/9/16,0.015639503
2018/9/17,0.027132391
2018/9/18,0.017204246
2018/9/19,0.054283793
2018/9/20,0.02236616
2018/9/21,0.026455891
2018/9/22,0.020209855
2018/9/23,0.013523277
2018/9/24,0.015721866
2018/9/25,0.02432021
2018/9/26,0.016229515
2018/9/27,0.024099214
2018/9/28,0.027788723
2018/9/29,0.01869815
2018/9/30,0.014716744
2018/10/1,0.016165889
2018/10/2,0.012224435
2018/10/3,0.016875563
2018/10/4,0.019669276
2018/10/5,0.01197712
2018/10/6,0.007619205
2018/10/7,0.008838974
2018/10/8,0.013507105
2018/10/9,0.007550241
2018/10/10,0.013005145
2018/10/11,0.050446375
2018/10/12,0.013577807
2018/10/13,0.010002006
2018/10/14,0.011598553
2018/10/15,0.041999247
2018/10/16,0.015161041
2018/10/17,0.009121166
2018/10/18,0.013877115
2018/10/19,0.009800701
2018/10/20,0.008586689
2018/10/21,0.006500166
2018/10/22,0.009034497
2018/10/23,0.007867629
2018/10/24,0.009981123
2018/10/25,0.007709648
2018/10/26,0.008924261
2018/10/27,0.006027321
2018/10/28,0.006214616
2018/10/29,0.017443325
2018/10/30,0.007699326
2018/10/31,0.014611854
2018/11/1,0.005741404
2018/11/2,0.007879214
2018/11/3,0.005426678
2018/11/4,0.013770904
2018/11/5,0.007952295
2018/11/6,0.009034326
2018/11/7,0.015330589
2018/11/8,0.011574992
2018/11/9,0.012317505
2018/11/10,0.008081252
2018/11/11,0.010985363
2018/11/12,0.009404723
2018/11/13,0.012090229
2018/11/14,0.08829162
2018/11/15,0.060855428
2018/11/16,0.025203637
2018/11/17,0.019822982
2018/11/18,0.023521046
2018/11/19,0.063017437
2018/11/20,0.1112986
2018/11/21,0.075731282
2018/11/22,0.046396005
2018/11/23,0.055648819
2018/11/24,0.087278036
2018/11/25,0.096650071
2018/11/26,0.080415272
2018/11/27,0.070162853
2018/11/28,0.065871339
2018/11/29,0.056357843
2018/11/30,0.065818719
2018/12/1,0.042208218
2018/12/2,0.047387262
2018/12/3,0.056383649
2018/12/4,0.04664238
2018/12/5,0.046450022
2018/12/6,0.064028265
2018/12/7,0.085698472
2018/12/8,0.067971939
2018/12/9,0.039656174
2018/12/10,0.039871145
2018/12/11,0.025902455
2018/12/12,0.029675789
2018/12/13,0.040656624
2018/12/14,0.033346388
2018/12/15,0.026345918
2018/12/16,0.020995099
2018/12/17,0.050339317
2018/12/18,0.041348065
2018/12/19,0.047510645
2018/12/20,0.072378876
2018/12/21,0.061269614
2018/12/22,0.043778048
2018/12/23,0.033944817
2018/12/24,0.066210806
2018/12/25,0.06996693
2018/12/26,0.037603152
2018/12/27,0.04373539
2018/12/28,0.065056167
2018/12/29,0.042384625
2018/12/30,0.039572435
2018/12/31,0.041273985
2019/1/1,0.029323275
2019/1/2,0.026137457
2019/1/3,0.02085574
2019/1/4,0.022982751
2019/1/5,0.022262833
2019/1/6,0.05393979
2019/1/7,0.023133527
2019/1/8,0.0234073
2019/1/9,0.016402138
2019/1/10,0.070999337
2019/1/11,0.01829689
2019/1/12,0.019001245
2019/1/13,0.029393866
2019/1/14,0.036279101
2019/1/15,0.022641441
2019/1/16,0.019443185
2019/1/17,0.017574187
2019/1/18,0.014546267
2019/1/19,0.03091173
2019/1/20,0.040848
2019/1/21,0.013792267
2019/1/22,0.021592667
2019/1/23,0.016151168
2019/1/24,0.013458198
2019/1/25,0.013647983
2019/1/26,0.016862544
2019/1/27,0.012481351
2019/1/28,0.020937056
2019/1/29,0.015141906
2019/1/30,0.014864582
2019/1/31,0.015126088
2019/2/1,0.013222908
2019/2/2,0.014562124
2019/2/3,0.013660421
2019/2/4,0.011118579
2019/2/5,0.008203006
2019/2/6,0.015724885
2019/2/7,0.006821357
2019/2/8,0.055710747
2019/2/9,0.012699316
2019/2/10,0.014737734
2019/2/11,0.015809989
2019/2/12,0.016119132
2019/2/13,0.010101539
2019/2/14,0.009014129
2019/2/15,0.012323217
2019/2/16,0.010808204
2019/2/17,0.019022985
2019/2/18,0.031906134
2019/2/19,0.027766203
2019/2/20,0.018260042
2019/2/21,0.020518224
2019/2/22,0.014644281
2019/2/23,0.025125621
2019/2/24,0.081191894
2019/2/25,0.016613935
2019/2/26,0.016718317
2019/2/27,0.023918828
2019/2/28,0.016361211
2019/3/1,0.010175945
2019/3/2,0.010595574
2019/3/3,0.013009625
2019/3/4,0.019611903
2019/3/5,0.019770772
2019/3/6,0.018947527
2019/3/7,0.014959922
2019/3/8,0.018864785
2019/3/9,0.016117494
2019/3/10,0.012070011
2019/3/11,0.012178992
2019/3/12,0.013277029
2019/3/13,0.011515573
2019/3/14,0.017556457
2019/3/15,0.010854445
2019/3/16,0.016866631
2019/3/17,0.011874611
2019/3/18,0.0132011
2019/3/19,0.012722431
2019/3/20,0.012830425
2019/3/21,0.0174443
2019/3/22,0.007745524
2019/3/23,0.009045083
2019/3/24,0.007217119
2019/3/25,0.012899946
2019/3/26,0.008532613
2019/3/27,0.013298856
2019/3/28,0.007836092
2019/3/29,0.017379413
2019/3/30,0.014228949
2019/3/31,0.00679908
2019/4/1,0.015633773
2019/4/2,0.106479831
2019/4/3,0.066944125
2019/4/4,0.041235116
2019/4/5,0.02597374
2019/4/6,0.035468398
2019/4/7,0.028022982
2019/4/8,0.030781621
2019/4/9,0.025364978
2019/4/10,0.031714161
2019/4/11,0.033483676
2019/4/12,0.025383275
2019/4/13,0.015523083
2019/4/14,0.018061721
2019/4/15,0.023646236
2019/4/16,0.029287237
2019/4/17,0.02055158
2019/4/18,0.015839914
2019/4/19,0.020253721
2019/4/20,0.014013072
2019/4/21,0.015511494
2019/4/22,0.021235295
2019/4/23,0.027509772
2019/4/24,0.02567135
2019/4/25,0.050771247
2019/4/26,0.032445545
2019/4/27,0.014099136
2019/4/28,0.017655292
2019/4/29,0.017666426
2019/4/30,0.019209123
2019/5/1,0.01588249
2019/5/2,0.014626674
2019/5/3,0.033977963
2019/5/4,0.033262213
2019/5/5,0.024201655
2019/5/6,0.026338634
2019/5/7,0.035698368
2019/5/8,0.022759401
2019/5/9,0.024006519
2019/5/10,0.030544778
2019/5/11,0.069084535
2019/5/12,0.080930874
2019/5/13,0.07981244
2019/5/14,0.065380105
2019/5/15,0.055709307
2019/5/16,0.059734533
2019/5/17,0.127077449
2019/5/18,0.035652656
2019/5/19,0.057244655
2019/5/20,0.057472851
2019/5/21,0.038309546
2019/5/22,0.036742963
2019/5/23,0.035577724
2019/5/24,0.029938378
2019/5/25,0.02359873
2019/5/26,0.047385659
2019/5/27,0.033885423
2019/5/28,0.024413059
2019/5/29,0.027485267
2019/5/30,0.06212248
2019/5/31,0.032059027
2019/6/1,0.020908856
2019/6/2,0.025882694
2019/6/3,0.051476536
2019/6/4,0.048734109
2019/6/5,0.035952427
2019/6/6,0.034080299
2019/6/7,0.03469807
2019/6/8,0.024345656
2019/6/9,0.029906184
2019/6/10,0.036167582
2019/6/11,0.027020457
2019/6/12,0.041735904
2019/6/13,0.021128042
2019/6/14,0.030708316
2019/6/15,0.021135422
2019/6/16,0.053181653
2019/6/17,0.04792075
2019/6/18,0.036224656
2019/6/19,0.027083224
2019/6/20,0.025070838
2019/6/21,0.032388793
2019/6/22,0.070542721
2019/6/23,0.045775827
2019/6/24,0.034673481
2019/6/25,0.036599818
2019/6/26,0.194461223
2019/6/27,0.122266568
2019/6/28,0.087810308
2019/6/29,0.076900717
2019/6/30,0.068858123
2019/7/1,0.075055148
2019/7/2,0.090597924
2019/7/3,0.066004844
2019/7/4,0.061278014
2019/7/5,0.057581364
2019/7/6,0.057556585
2019/7/7,0.036920106
2019/7/8,0.046868994
2019/7/9,0.055771031
2019/7/10,0.07041611
2019/7/11,0.067287138
2019/7/12,0.04229098
2019/7/13,0.048754988
2019/7/14,0.059067928
2019/7/15,0.073111989
2019/7/16,0.075366755
2019/7/17,0.063769882
2019/7/18,0.099834179
2019/7/19,0.064926088
2019/7/20,0.046564875
2019/7/21,0.031740435
2019/7/22,0.043792232
2019/7/23,0.037180519
2019/7/24,0.042460695
2019/7/25,0.039155683
2019/7/26,0.030237131
2019/7/27,0.066632083
2019/7/28,0.038718184
2019/7/29,0.025637032
2019/7/30,0.021075825
2019/7/31,0.025901897
2019/8/1,0.024880306
2019/8/2,0.025218262
2019/8/3,0.028034286
2019/8/4,0.028999575
2019/8/5,0.044442966
2019/8/6,0.056136297
2019/8/7,0.057263032
2019/8/8,0.033776492
2019/8/9,0.027941427
2019/8/10,0.058306824
2019/8/11,0.031849111
2019/8/12,0.018982715
2019/8/13,0.022285521
2019/8/14,0.043947297
2019/8/15,0.049699165
2019/8/16,0.054122313
2019/8/17,0.03580402
2019/8/18,0.028035912
2019/8/19,0.028155728
2019/8/20,0.02561254
2019/8/21,0.047475555
2019/8/22,0.034350686
2019/8/23,0.030538709
2019/8/24,0.033501293
2019/8/25,0.031917615
2019/8/26,0.039578841
2019/8/27,0.023080496
2019/8/28,0.042898678
2019/8/29,0.027275859
2019/8/30,0.020729164
2019/8/31,0.018207469
2019/9/1,0.01611935
2019/9/2,0.02673682
2019/9/3,0.028900989
2019/9/4,0.029740168
2019/9/5,0.026554894
2019/9/6,0.04081069
2019/9/7,0.018360799
2019/9/8,0.022262604
2019/9/9,0.029644437
2019/9/10,0.027427788
2019/9/11,0.0251596
2019/9/12,0.021223471
2019/9/13,0.018661384
2019/9/14,0.017261151
2019/9/15,0.011150857
2019/9/16,0.019249133
2019/9/17,0.014335902
2019/9/18,0.011690666
2019/9/19,0.04322956
2019/9/20,0.016061289
2019/9/21,0.016615781
2019/9/22,0.018796425
2019/9/23,0.026156187
2019/9/24,0.109609077
2019/9/25,0.045577644
2019/9/26,0.05432077
2019/9/27,0.034642701
2019/9/28,0.03632619
2019/9/29,0.022516592
2019/9/30,0.04063768
2019/10/1,0.034040735
2019/10/2,0.024073404
2019/10/3,0.025194866
2019/10/4,0.020384142
2019/10/5,0.018232895
2019/10/6,0.028792954
2019/10/7,0.027252088
2019/10/8,0.019140411
2019/10/9,0.030536237
2019/10/10,0.018721936
2019/10/11,0.038786791
2019/10/12,0.015070297
2019/10/13,0.024863864
2019/10/14,0.018251609
2019/10/15,0.027664805
2019/10/16,0.01960071
2019/10/17,0.017410088
2019/10/18,0.020351605
2019/10/19,0.025067483
2019/10/20,0.02005262
2019/10/21,0.014762185
2019/10/22,0.016575665
2019/10/23,0.062102623
2019/10/24,0.018550183
2019/10/25,0.076713949
2019/10/26,0.122633655
2019/10/27,0.049286531
2019/10/28,0.046152701
2019/10/29,0.043528667
2019/10/30,0.029582321
2019/10/31,0.035934293
2019/11/1,0.024047586
2019/11/2,0.015275926
2019/11/3,0.018757733
2019/11/4,0.026568561
2019/11/5,0.024448478
2019/11/6,0.015137672
2019/11/7,0.019275747
2019/11/8,0.040689518
2019/11/9,0.015375046
2019/11/10,0.03412764
2019/11/11,0.027064348
2019/11/12,0.023175311
2019/11/13,0.014710137
2019/11/14,0.016667941
2019/11/15,0.02694212
2019/11/16,0.011820743
2019/11/17,0.019032844
2019/11/18,0.025833778
2019/11/19,0.019696056
2019/11/20,0.01842456
2019/11/21,0.036134615
2019/11/22,0.054266667
2019/11/23,0.029719606
2019/11/24,0.038209707
2019/11/25,0.070220378
2019/11/26,0.037136175
2019/11/27,0.052318235
2019/11/28,0.031906264
2019/11/29,0.034242067
2019/11/30,0.024870951
2019/12/1,0.03517541
2019/12/2,0.028190292
2019/12/3,0.018328036
2019/12/4,0.064126036
2019/12/5,0.027776061
2019/12/6,0.022576047
2019/12/7,0.015986851
2019/12/8,0.017760707
2019/12/9,0.02303481
2019/12/10,0.019938734
2019/12/11,0.01655784
2019/12/12,0.0230825
2019/12/13,0.013766464
2019/12/14,0.017013227
2019/12/15,0.019157251
2019/12/16,0.026424469
2019/12/17,0.029743586
2019/12/18,0.051447992
2019/12/19,0.031895594
2019/12/20,0.019271498
2019/12/21,0.012038477
2019/12/22,0.022733154
2019/12/23,0.035188401
2019/12/24,0.031488406
2019/12/25,0.01790968
2019/12/26,0.02487371
2019/12/27,0.024678215
2019/12/28,0.01695666
2019/12/29,0.019011201
2019/12/30,0.017443686
2019/12/31,0.019898366
2020/1/1,0.013963853
2020/1/2,0.021245417
2020/1/3,0.039060439
2020/1/4,0.016550627
2020/1/5,0.01683249
2020/1/6,0.025684045
2020/1/7,0.035106333
2020/1/8,0.046940087
2020/1/9,0.037168842
2020/1/10,0.033362524
2020/1/11,0.031757098
2020/1/12,0.020124347
2020/1/13,0.015622102
2020/1/14,0.040702677
2020/1/15,0.034957458
2020/1/16,0.025295573
2020/1/17,0.034800607
2020/1/18,0.021929101
2020/1/19,0.054822125
2020/1/20,0.023908447
2020/1/21,0.026412788
2020/1/22,0.016666095
2020/1/23,0.02384503
2020/1/24,0.022973834
2020/1/25,0.018599567
2020/1/26,0.019978354
2020/1/27,0.028282813
2020/1/28,0.043695469
2020/1/29,0.026804036
2020/1/30,0.026086516
2020/1/31,0.020609931
2020/2/1,0.018588649
2020/2/2,0.021977404
2020/2/3,0.036647668
2020/2/4,0.022603673
2020/2/5,0.025253533
2020/2/6,0.026015215
2020/2/7,0.016169217
2020/2/8,0.018253906
2020/2/9,0.016361043
2020/2/10,0.028717349
2020/2/11,0.028766946
2020/2/12,0.026948821
2020/2/13,0.036588334
2020/2/14,0.021551496
2020/2/15,0.026804015
2020/2/16,0.024633519
2020/2/17,0.02894633
2020/2/18,0.029965935
2020/2/19,0.043792358
2020/2/20,0.022889638
2020/2/21,0.02002265
2020/2/22,0.015502253
2020/2/23,0.022923944
2020/2/24,0.029125845
2020/2/25,0.028938572
2020/2/26,0.045310805
2020/2/27,0.037322706
2020/2/28,0.042625493
2020/2/29,0.0228611
2020/3/1,0.030677969
2020/3/2,0.022170498
2020/3/3,0.022926476
2020/3/4,0.020693599
2020/3/5,0.025327858
2020/3/6,0.016315689
2020/3/7,0.022129974
2020/3/8,0.036005136
2020/3/9,0.051195231
2020/3/10,0.040451566
2020/3/11,0.037748271
2020/3/12,0.214732917
2020/3/13,0.333476384
2020/3/14,0.092220816
2020/3/15,0.103569512
2020/3/16,0.143543355
2020/3/17,0.084457709
2020/3/18,0.070450803
2020/3/19,0.087107117
2020/3/20,0.103928837
2020/3/21,0.079102153
2020/3/22,0.059466649
2020/3/23,0.089403883
2020/3/24,0.061501942
2020/3/25,0.062182011
2020/3/26,0.032863472
2020/3/27,0.057776982
2020/3/28,0.041029943
2020/3/29,0.039082563
2020/3/30,0.042626737
2020/3/31,0.037309354
2020/4/1,0.041302493
2020/4/2,0.053136555
2020/4/3,0.049252926
2020/4/4,0.050242672
2020/4/5,0.027643303
2020/4/6,0.034206092
2020/4/7,0.043008694
2020/4/8,0.032792378
2020/4/9,0.029275125
2020/4/10,0.034993721
2020/4/11,0.023002163
2020/4/12,0.033085506
2020/4/13,0.045189666
2020/4/14,0.026558082
2020/4/15,0.028737369
2020/4/16,0.054937589
2020/4/17,0.028302798
2020/4/18,0.023513158
2020/4/19,0.022365652
2020/4/20,0.036827973
2020/4/21,0.024064859
2020/4/22,0.027445122
2020/4/23,0.041638966
2020/4/24,0.025440287
2020/4/25,0.024445118
2020/4/26,0.023429621
2020/4/27,0.024439951
2020/4/28,0.01757033
2020/4/29,0.057678248
2020/4/30,0.070976558
2020/5/1,0.035776615
2020/5/2,0.024827195
2020/5/3,0.043413053
2020/5/4,0.035699639
2020/5/5,0.036035882
2020/5/6,0.035654703
2020/5/7,0.036601848
2020/5/8,0.030391193
2020/5/9,0.032824801
2020/5/10,0.099207461
2020/5/11,0.075743219
2020/5/12,0.035946939
2020/5/13,0.0335793
2020/5/14,0.049361397
2020/5/15,0.04653481
2020/5/16,0.033321443
2020/5/17,0.03526052
2020/5/18,0.032133166
2020/5/19,0.03320572
2020/5/20,0.038001793
2020/5/21,0.041798298
2020/5/22,0.026415524
2020/5/23,0.019961797
2020/5/24,0.037060348
2020/5/25,0.030160623
2020/5/26,0.026896721
2020/5/27,0.029124852
2020/5/28,0.026288628
2020/5/29,0.027034922
2020/5/30,0.026382617
2020/5/31,0.021871362
2020/6/1,0.042328577
2020/6/2,0.062208462
2020/6/3,0.01945176
2020/6/4,0.025739792
2020/6/5,0.022419367
2020/6/6,0.017319037
2020/6/7,0.025514951
2020/6/8,0.017885919
2020/6/9,0.026800746
2020/6/10,0.028344365
2020/6/11,0.042431876
2020/6/12,0.022197989
2020/6/13,0.016751239
2020/6/14,0.016909925
2020/6/15,0.03532858
2020/6/16,0.024451927
2020/6/17,0.019940116
2020/6/18,0.017096658
2020/6/19,0.020408647
2020/6/20,0.015812867
2020/6/21,0.010164491
2020/6/22,0.016798028
2020/6/23,0.014270465
2020/6/24,0.025637299
2020/6/25,0.02754131
2020/6/26,0.02291526
2020/6/27,0.024937719
2020/6/28,0.016443324
2020/6/29,0.016107059
2020/6/30,0.013536065
2020/7/1,0.015128512
2020/7/2,0.021675863
2020/7/3,0.009626118
2020/7/4,0.01281578
2020/7/5,0.016473747
2020/7/6,0.016592739
2020/7/7,0.012586364
2020/7/8,0.019256044
2020/7/9,0.017588985
2020/7/10,0.012431494
2020/7/11,0.010664844
2020/7/12,0.012407499
2020/7/13,0.013155251
2020/7/14,0.010381087
2020/7/15,0.009838708
2020/7/16,0.014517949
2020/7/17,0.009966069
2020/7/18,0.008873602
2020/7/19,0.009270043
2020/7/20,0.008007103
2020/7/21,0.0166452
2020/7/22,0.016745695
2020/7/23,0.012431265
2020/7/24,0.013623503
2020/7/25,0.012610227
2020/7/26,0.025691891
2020/7/27,0.060243846
2020/7/28,0.044948268
2020/7/29,0.031285761
2020/7/30,0.021874013
2020/7/31,0.027910313
2020/8/1,0.027581951
2020/8/2,0.092210049
2020/8/3,0.022833413
2020/8/4,0.025867682
2020/8/5,0.025511382
2020/8/6,0.022564222
2020/8/7,0.026873217
2020/8/8,0.020954634
2020/8/9,0.017477241
2020/8/10,0.044473309
2020/8/11,0.033372819
2020/8/12,0.023851028
2020/8/13,0.028730686
2020/8/14,0.019567758
2020/8/15,0.020337626
2020/8/16,0.016381798
2020/8/17,0.030264726
2020/8/18,0.026747947
2020/8/19,0.031545934
2020/8/20,0.016758973
2020/8/21,0.020571923
2020/8/22,0.016628725
2020/8/23,0.014077259
2020/8/24,0.014079312
2020/8/25,0.025256949
2020/8/26,0.021404048
2020/8/27,0.029333242
2020/8/28,0.016079207
2020/8/29,0.013082899
2020/8/30,0.017264349
2020/8/31,0.015835188
2020/9/1,0.021674435
2020/9/2,0.026156127
2020/9/3,0.064167016
2020/9/4,0.043487608
2020/9/5,0.052123111
2020/9/6,0.03067231
2020/9/7,0.034646318
2020/9/8,0.034964611
2020/9/9,0.023622986
2020/9/10,0.024706291
2020/9/11,0.019000746
2020/9/12,0.01276735
2020/9/13,0.020643151
2020/9/14,0.021094817
2020/9/15,0.025665329
2020/9/16,0.025108731
2020/9/17,0.019483335
2020/9/18,0.014994372
2020/9/19,0.020377953
2020/9/20,0.01667169
2020/9/21,0.02512984
2020/9/22,0.018032627
2020/9/23,0.018291963
2020/9/24,0.024594091
2020/9/25,0.01794864
2020/9/26,0.013260947
2020/9/27,0.015431111
2020/9/28,0.020289885
2020/9/29,0.016475732
2020/9/30,0.017179616
2020/10/1,0.027170123
2020/10/2,0.023480777
2020/10/3,0.009466768
2020/10/4,0.009818139
2020/10/5,0.015081
2020/10/6,0.01840409
2020/10/7,0.009338014
2020/10/8,0.021349177
2020/10/9,0.0150517
2020/10/10,0.027290647
2020/10/11,0.012048499
2020/10/12,0.024652181
2020/10/13,0.016009597
2020/10/14,0.021077397
2020/10/15,0.017646079
2020/10/16,0.021370885
2020/10/17,0.012735895
2020/10/18,0.010536643
2020/10/19,0.018027514
2020/10/20,0.021374775
2020/10/21,0.043582592
2020/10/22,0.027063905
2020/10/23,0.022352585
2020/10/24,0.017376547
2020/10/25,0.027058744
2020/10/26,0.023140522
2020/10/27,0.028301
2020/10/28,0.037461932
2020/10/29,0.027452235
2020/10/30,0.030487316
2020/10/31,0.030117232
2020/11/1,0.021465098
2020/11/2,0.027442487
2020/11/3,0.031035038
2020/11/4,0.034595847
2020/11/5,0.037405994
2020/11/6,0.045475576
2020/11/7,0.035192426
2020/11/8,0.026106273
2020/11/9,0.051913232
2020/11/10,0.028584967
2020/11/11,0.02902589
2020/11/12,0.038416215
2020/11/13,0.027170587
2020/11/14,0.026264043
2020/11/15,0.020707991
2020/11/16,0.023728845
2020/11/17,0.035340153
2020/11/18,0.068002122
2020/11/19,0.036524907
2020/11/20,0.033188569
2020/11/21,0.027150647
2020/11/22,0.037089192
2020/11/23,0.036870697
2020/11/24,0.03911572
2020/11/25,0.039687423
2020/11/26,0.079785159
2020/11/27,0.048531884
2020/11/28,0.029575507
2020/11/29,0.030353907
2020/11/30,0.042390183
2020/12/1,0.081185991
2020/12/2,0.044648072
2020/12/3,0.035277114
2020/12/4,0.03766202
2020/12/5,0.022937381
2020/12/6,0.022284465
2020/12/7,0.019575239
2020/12/8,0.031749422
2020/12/9,0.035768162
2020/12/10,0.027322472
2020/12/11,0.030358649
2020/12/12,0.0229258
2020/12/13,0.02185221
2020/12/14,0.020040262
2020/12/15,0.022008071
2020/12/16,0.043855041
2020/12/17,0.077414968
2020/12/18,0.040664245
2020/12/19,0.038308665
2020/12/20,0.044550756
2020/12/21,0.058366984
2020/12/22,0.039584433
2020/12/23,0.046267351
2020/12/24,0.034684144
2020/12/25,0.034925484
2020/12/26,0.034827772
2020/12/27,0.065871286
2020/12/28,0.042966088
2020/12/29,0.038525319
2020/12/30,0.040635252
2020/12/31,0.04379588
2021/1/1,0.035488066
2021/1/2,0.08071057
2021/1/3,0.071542663
2021/1/4,0.116274488
2021/1/5,0.072434405
2021/1/6,0.081529539
2021/1/7,0.083429379
2021/1/8,0.081941538
2021/1/9,0.057909974
2021/1/10,0.088136187
2021/1/11,0.169050171
2021/1/12,0.08783144
2021/1/13,0.085427011
2021/1/14,0.055378077
2021/1/15,0.072130438
2021/1/16,0.061979553
2021/1/17,0.057454722
2021/1/18,0.060862356
2021/1/19,0.04754828
2021/1/20,0.05529126
2021/1/21,0.087666261
2021/1/22,0.082226638
2021/1/23,0.055070748
2021/1/24,0.042734763
2021/1/25,0.062195706
2021/1/26,0.061802212
2021/1/27,0.070572802
2021/1/28,0.051739264
2021/1/29,0.148562891
2021/1/30,0.056533079
2021/1/31,0.043942525
2021/2/1,0.049544242
2021/2/2,0.048979999
2021/2/3,0.041194871
2021/2/4,0.054667038
2021/2/5,0.033160155
2021/2/6,0.043862022
2021/2/7,0.045781583
2021/2/8,0.097879748
2021/2/9,0.05772496
2021/2/10,0.051982567
2021/2/11,0.059625833
2021/2/12,0.044845304
2021/2/13,0.034158649
2021/2/14,0.038486387
2021/2/15,0.046801546
2021/2/16,0.047709392
2021/2/17,0.038859926
2021/2/18,0.031849661
2021/2/19,0.038951573
2021/2/20,0.041858872
2021/2/21,0.033752493
2021/2/22,0.10330992
2021/2/23,0.140140885
2021/2/24,0.066085378
2021/2/25,0.061359769
2021/2/26,0.086744568
2021/2/27,0.053378558
2021/2/28,0.060443339
2021/3/1,0.047429731
2021/3/2,0.050015134
2021/3/3,0.045366572
2021/3/4,0.058956285
2021/3/5,0.047110843
2021/3/6,0.034012014
2021/3/7,0.031787079
2021/3/8,0.037168598
2021/3/9,0.035291415
2021/3/10,0.047289991
2021/3/11,0.047993997
2021/3/12,0.038175566
2021/3/13,0.045685666
2021/3/14,0.031084014
2021/3/15,0.054851446
2021/3/16,0.04930661
2021/3/17,0.043636512
2021/3/18,0.038309839
2021/3/19,0.035179345
2021/3/20,0.026151886
2021/3/21,0.033754999
2021/3/22,0.044953994
2021/3/23,0.039492397
2021/3/24,0.048749645
2021/3/25,0.056207036
2021/3/26,0.037057154
2021/3/27,0.032220805
2021/3/28,0.029374381
2021/3/29,0.036261919
2021/3/30,0.025684231
2021/3/31,0.040853245
2021/4/1,0.021090012
2021/4/2,0.021843931
2021/4/3,0.026286979
2021/4/4,0.024729695
2021/4/5,0.023168094
2021/4/6,0.022446935
2021/4/7,0.037960759
2021/4/8,0.022692673
2021/4/9,0.023747285
2021/4/10,0.029679894
2021/4/11,0.022109193
2021/4/12,0.025060678
2021/4/13,0.032449251
2021/4/14,0.043530548
2021/4/15,0.023352594
2021/4/16,0.031077461
2021/4/17,0.029627654
2021/4/18,0.085750101
2021/4/19,0.042839673
2021/4/20,0.045466283
2021/4/21,0.037193559
2021/4/22,0.058059289
2021/4/23,0.062137442
2021/4/24,0.040342857
2021/4/25,0.051943985
2021/4/26,0.051354037
2021/4/27,0.025890739
2021/4/28,0.030346558
2021/4/29,0.032684215
2021/4/30,0.031985962
2021/5/1,0.024522747
2021/5/2,0.027962718
2021/5/3,0.033465402
2021/5/4,0.046993614
2021/5/5,0.041895653
2021/5/6,0.036831804
2021/5/7,0.03525207
2021/5/8,0.032043898
2021/5/9,0.038242128
2021/5/10,0.046156637
2021/5/11,0.041940614
2021/5/12,0.056987313
2021/5/13,0.077924016
2021/5/14,0.040606488
2021/5/15,0.056645437
2021/5/16,0.072733365
2021/5/17,0.095049231
2021/5/18,0.05995674
2021/5/19,0.207158246
2021/5/20,0.125063925
2021/5/21,0.12083198
2021/5/22,0.083375735
2021/5/23,0.111670246
2021/5/24,0.084686009
2021/5/25,0.060789244
2021/5/26,0.05405386
2021/5/27,0.052360598
2021/5/28,0.076180571
2021/5/29,0.06475211
2021/5/30,0.043894412
2021/5/31,0.049122756
2021/6/1,0.056594623
2021/6/2,0.036299901
2021/6/3,0.035960263
2021/6/4,0.056858874
2021/6/5,0.044311323
2021/6/6,0.033453836
2021/6/7,0.049987352
2021/6/8,0.054851958
2021/6/9,0.060772872
2021/6/10,0.056181637
2021/6/11,0.043897729
2021/6/12,0.042343636
2021/6/13,0.045968051
2021/6/14,0.040737556
2021/6/15,0.038769712
2021/6/16,0.039498101
2021/6/17,0.033258868
2021/6/18,0.040409465
2021/6/19,0.039802532
2021/6/20,0.04492884
2021/6/21,0.081412133
2021/6/22,0.094866409
2021/6/23,0.06836693
2021/6/24,0.043202117
2021/6/25,0.061094351
2021/6/26,0.063923201
2021/6/27,0.054453517
2021/6/28,0.037934101
2021/6/29,0.039257886
2021/6/30,0.038594206
2021/7/1,0.040391761
2021/7/2,0.037774917
2021/7/3,0.02773865
2021/7/4,0.025636652
2021/7/5,0.038680219
2021/7/6,0.038664947
2021/7/7,0.023363799
2021/7/8,0.039740509
2021/7/9,0.028042882
2021/7/10,0.026527682
2021/7/11,0.02566874
2021/7/12,0.024539526
2021/7/13,0.027527575
2021/7/14,0.040837238
2021/7/15,0.029049986
2021/7/16,0.036420255
2021/7/17,0.031138401
2021/7/18,0.024082366
2021/7/19,0.024428232
2021/7/20,0.033611735
2021/7/21,0.043411259
2021/7/22,0.028639172
2021/7/23,0.023232232
2021/7/24,0.023396565
2021/7/25,0.028796401
2021/7/26,0.075748782
2021/7/27,0.045035406
2021/7/28,0.055775248
2021/7/29,0.033581248
2021/7/30,0.03998591
2021/7/31,0.027928346
2021/8/1,0.040481702
2021/8/2,0.032230324
2021/8/3,0.04025174
2021/8/4,0.031114407
2021/8/5,0.047808001
2021/8/6,0.047752045
2021/8/7,0.045951686
2021/8/8,0.039799045
2021/8/9,0.045781082
2021/8/10,0.032920367
2021/8/11,0.027531752
2021/8/12,0.031010897
2021/8/13,0.035383498
2021/8/14,0.033701737
2021/8/15,0.031715521
2021/8/16,0.02762147
2021/8/17,0.034241258
2021/8/18,0.031996528
2021/8/19,0.036923006
2021/8/20,0.026977335
2021/8/21,0.029124606
2021/8/22,0.025356888
2021/8/23,0.025134247
2021/8/24,0.027151252
2021/8/25,0.029950457
2021/8/26,0.03161547
2021/8/27,0.032251973
2021/8/28,0.01719754
2021/8/29,0.027296654
2021/8/30,0.025825558
2021/8/31,0.027514636
2021/9/1,0.029731134
2021/9/2,0.025407591
2021/9/3,0.031276937
2021/9/4,0.022307188
2021/9/5,0.027159039
2021/9/6,0.020859988
2021/9/7,0.083942088
2021/9/8,0.040846198
2021/9/9,0.038133204
2021/9/10,0.035657341
2021/9/11,0.025604555
2021/9/12,0.029549935
2021/9/13,0.0667169
2021/9/14,0.027875722
2021/9/15,0.021299481
2021/9/16,0.027355543
2021/9/17,0.02694776
2021/9/18,0.02013591
2021/9/19,0.023665782
2021/9/20,0.049318636
2021/9/21,0.075655236
2021/9/22,0.047107163
2021/9/23,0.034002025
2021/9/24,0.054633187
2021/9/25,0.038467453
2021/9/26,0.045024175
2021/9/27,0.036423182
2021/9/28,0.033035008
2021/9/29,0.030323452
2021/9/30,0.042746746
2021/10/1,0.049763737
2021/10/2,0.02300727
2021/10/3,0.030053454
2021/10/4,0.037660938
2021/10/5,0.029039419
2021/10/6,0.050207593
2021/10/7,0.033548241
2021/10/8,0.026642722
2021/10/9,0.023230601
2021/10/10,0.035795521
2021/10/11,0.027822939
2021/10/12,0.034502276
2021/10/13,0.034252454
2021/10/14,0.031937784
2021/10/15,0.041397181
2021/10/16,0.026897596
2021/10/17,0.02961124
2021/10/18,0.038744496
2021/10/19,0.031858309
2021/10/20,0.026640052
2021/10/21,0.045598628
2021/10/22,0.038458619
2021/10/23,0.03307561
2021/10/24,0.022388492
2021/10/25,0.028076838
2021/10/26,0.028115117
2021/10/27,0.035553633
2021/10/28,0.046628693
2021/10/29,0.035213655
2021/10/30,0.019989815
2021/10/31,0.023356287
2021/11/1,0.038689237
2021/11/2,0.029779695
2021/11/3,0.041839192
2021/11/4,0.026182743
2021/11/5,0.022858045
2021/11/6,0.021835273
2021/11/7,0.024115783
2021/11/8,0.031645546
2021/11/9,0.026652816
2021/11/10,0.042499494
2021/11/11,0.027642242
2021/11/12,0.034875786
2021/11/13,0.018885579
2021/11/14,0.023121464
2021/11/15,0.020484304
2021/11/16,0.047064358
2021/11/17,0.038446269
2021/11/18,0.040943005
2021/11/19,0.033609465
2021/11/20,0.031818589
2021/11/21,0.02545252
2021/11/22,0.049358897
2021/11/23,0.03931087
2021/11/24,0.026045737
2021/11/25,0.029456418
2021/11/26,0.039671759
2021/11/27,0.02754897
2021/11/28,0.037615538
2021/11/29,0.027704452
2021/11/30,0.046629626
2021/12/1,0.034718243
2021/12/2,0.03371654
2021/12/3,0.031110785
2021/12/4,0.09159789
2021/12/5,0.042291316
2021/12/6,0.04815311
2021/12/7,0.030000035
2021/12/8,0.0332375
2021/12/9,0.036632268
2021/12/10,0.041311349
2021/12/11,0.040507017
2021/12/12,0.028013724
2021/12/13,0.03687923
2021/12/14,0.037574815
2021/12/15,0.040874299
2021/12/16,0.027109309
2021/12/17,0.041286861
2021/12/18,0.027402442
2021/12/19,0.036149241
2021/12/20,0.031632283
2021/12/21,0.029468406
2021/12/22,0.023139619
2021/12/23,0.028846442
2021/12/24,0.026407325
2021/12/25,0.018865892
2021/12/26,0.022240328
2021/12/27,0.021680698
2021/12/28,0.02705234
2021/12/29,0.034619714
2021/12/30,0.026192929
2021/12/31,0.034198417
2022/1/1,0.029943562
2022/1/2,0.025492536
2022/1/3,0.025262714
2022/1/4,0.030396655
2022/1/5,0.038488993
2022/1/6,0.027056825
2022/1/7,0.05125914
2022/1/8,0.031026149
2022/1/9,0.030511112
2022/1/10,0.043503106
2022/1/11,0.034857495
2022/1/12,0.026225674
2022/1/13,0.025040254
2022/1/14,0.026727118
2022/1/15,0.019750556
2022/1/16,0.019620064
2022/1/17,0.024657524
2022/1/18,0.024136006
2022/1/19,0.032482738
2022/1/20,0.034419721
2022/1/21,0.057901735
2022/1/22,0.061032033
2022/1/23,0.043838403
2022/1/24,0.064590612
2022/1/25,0.039472051
2022/1/26,0.041905205
2022/1/27,0.043861345
2022/1/28,0.036972707
2022/1/29,0.030109009
2022/1/30,0.024661134
2022/1/31,0.033013224
2022/2/1,0.031915048
2022/2/2,0.030530429
2022/2/3,0.028078547
2022/2/4,0.040617355
2022/2/5,0.021683453
2022/2/6,0.022346536
2022/2/7,0.029948166
2022/2/8,0.042260253
2022/2/9,0.032210008
2022/2/10,0.045510847
2022/2/11,0.036974274
2022/2/12,0.028545683
2022/2/13,0.021058784
2022/2/14,0.026082403
2022/2/15,0.025615011
2022/2/16,0.021807232
2022/2/17,0.03229034
2022/2/18,0.042171187
2022/2/19,0.019243124
2022/2/20,0.029089107
2022/2/21,0.05872797
2022/2/22,0.039013123
2022/2/23,0.035008939
2022/2/24,0.072979343
2022/2/25,0.043786064
2022/2/26,0.02690889
2022/2/27,0.049964261
2022/2/28,0.059893435
2022/3/1,0.035319528
2022/3/2,0.045964578
2022/3/3,0.03292582
2022/3/4,0.042965038
2022/3/5,0.020299307
2022/3/6,0.034372901
2022/3/7,0.043113102
2022/3/8,0.035279927
2022/3/9,0.037642383
2022/3/10,0.043733526
2022/3/11,0.036640283
2022/3/12,0.016113476
2022/3/13,0.03062559
2022/3/14,0.032978864
2022/3/15,0.030212276
2022/3/16,0.068879727
2022/3/17,0.02590697
2022/3/18,0.025636995
2022/3/19,0.018647505
2022/3/20,0.021095318
2022/3/21,0.025038684
2022/3/22,0.032536779
2022/3/23,0.024073688
2022/3/24,0.022010957
2022/3/25,0.021177948
2022/3/26,0.015877185
2022/3/27,0.032822473
2022/3/28,0.019790718
2022/3/29,0.020561613
2022/3/30,0.023323404
2022/3/31,0.025968181
2022/4/1,0.0286847
2022/4/2,0.023844428
2022/4/3,0.02610874
2022/4/4,0.024351759
2022/4/5,0.025160042
2022/4/6,0.030420575
2022/4/7,0.023808261
2022/4/8,0.028394311
2022/4/9,0.01296214
2022/4/10,0.021552981
2022/4/11,0.034736664
2022/4/12,0.02798625
2022/4/13,0.02885111
2022/4/14,0.023406134
2022/4/15,0.020618128
2022/4/16,0.013652215
2022/4/17,0.018769975
2022/4/18,0.033469304
2022/4/19,0.017932657
2022/4/20,0.021190217
2022/4/21,0.034302019
2022/4/22,0.026193799
2022/4/23,0.015209593
2022/4/24,0.015509728
2022/4/25,0.032475752
2022/4/26,0.026831318
2022/4/27,0.032438388
2022/4/28,0.036436359
2022/4/29,0.023407555
2022/4/30,0.021031017
2022/5/1,0.025427309
2022/5/2,0.026677265
2022/5/3,0.018650381
2022/5/4,0.025637078
2022/5/5,0.043220602
2022/5/6,0.033616695
2022/5/7,0.02110738
2022/5/8,0.030595067
2022/5/9,0.06459164
2022/5/10,0.067645583
2022/5/11,0.09927658
2022/5/12,0.107957687
2022/5/13,0.050668213
2022/5/14,0.036781438
2022/5/15,0.034067226
2022/5/16,0.046527832
2022/5/17,0.033245213
2022/5/18,0.032342869
2022/5/19,0.034819654
2022/5/20,0.031851764
2022/5/21,0.021722603
2022/5/22,0.024129016
2022/5/23,0.029330511
2022/5/24,0.02669838
2022/5/25,0.027863435
2022/5/26,0.040438477
2022/5/27,0.034255396
2022/5/28,0.016931822
2022/5/29,0.015674754
2022/5/30,0.033638422
2022/5/31,0.028831604
2022/6/1,0.034995694
2022/6/2,0.028107586
2022/6/3,0.023777563
2022/6/4,0.019275264
2022/6/5,0.017501402
2022/6/6,0.026814949
2022/6/7,0.039437933
2022/6/8,0.036627075
2022/6/9,0.019885404
2022/6/10,0.027578768
2022/6/11,0.023582354
2022/6/12,0.044419646
2022/6/13,0.087329108
2022/6/14,0.092081466
2022/6/15,0.109660271
2022/6/16,0.055351001
2022/6/17,0.043782388
2022/6/18,0.084247213
2022/6/19,0.080003957
2022/6/20,0.063161614
2022/6/21,0.045452808
2022/6/22,0.048585087
2022/6/23,0.038244382
2022/6/24,0.034394401
2022/6/25,0.027389151
2022/6/26,0.03050502
2022/6/27,0.03313969
2022/6/28,0.027875239
2022/6/29,0.030142997
2022/6/30,0.03950767
2022/7/1,0.056836846
2022/7/2,0.023386408
2022/7/3,0.025374358
2022/7/4,0.033071976
2022/7/5,0.036117156
2022/7/6,0.038677052
2022/7/7,0.031205647
2022/7/8,0.049399918
2022/7/9,0.028632343
2022/7/10,0.028783138
2022/7/11,0.024655208
2022/7/12,0.02974713
2022/7/13,0.051537084
2022/7/14,0.036739836
2022/7/15,0.034997568
2022/7/16,0.027449823
2022/7/17,0.030189536
2022/7/18,0.04890327
2022/7/19,0.053655497
2022/7/20,0.048924479
2022/7/21,0.04133535
2022/7/22,0.033789288
2022/7/23,0.030784495
2022/7/24,0.032106822
2022/7/25,0.036178854
2022/7/26,0.025914186
2022/7/27,0.032150454
2022/7/28,0.037285675
2022/7/29,0.03698066
2022/7/30,0.029206463
2022/7/31,0.031828828
2022/8/1,0.027034149
2022/8/2,0.029300147
2022/8/3,0.026448607
2022/8/4,0.027951454
2022/8/5,0.029047397
2022/8/6,0.015454189
2022/8/7,0.016692942
2022/8/8,0.025127261
2022/8/9,0.021442598
2022/8/10,0.035737847
2022/8/11,0.030797064
2022/8/12,0.021894731
2022/8/13,0.019516826
2022/8/14,0.023643082
2022/8/15,0.033530966
2022/8/16,0.02379721
2022/8/17,0.030479346
2022/8/18,0.017116621
2022/8/19,0.046223333
2022/8/20,0.029065209
2022/8/21,0.025606465
2022/8/22,0.026363436
2022/8/23,0.024199666
2022/8/24,0.022188666
2022/8/25,0.018712441
2022/8/26,0.04055749
2022/8/27,0.022821186
2022/8/28,0.020263459
2022/8/29,0.022561793
2022/8/30,0.031203437
2022/8/31,0.02856107
2022/9/1,0.027796964
2022/9/2,0.025949106
2022/9/3,0.013941044
2022/9/4,0.01786781
2022/9/5,0.016995377
2022/9/6,0.036677319
2022/9/7,0.023892508
2022/9/8,0.026151247
2022/9/9,0.038471927
2022/9/10,0.023188881
2022/9/11,0.022159137
2022/9/12,0.034893242
2022/9/13,0.048079727
2022/9/14,0.035622429
2022/9/15,0.029741584
2022/9/16,0.023474033
2022/9/17,0.018754717
2022/9/18,0.021603642
2022/9/19,0.049474655
2022/9/20,0.037034821
2022/9/21,0.065757603
2022/9/22,0.037286438
2022/9/23,0.032333062
2022/9/24,0.021189082
2022/9/25,0.019467966
2022/9/26,0.026120475
2022/9/27,0.040490113
2022/9/28,0.038267047
2022/9/29,0.035994482
2022/9/30,0.035476062
2022/10/1,0.012077909
2022/10/2,0.018142373
2022/10/3,0.022196882
2022/10/4,0.022126876
2022/10/5,0.0221031
2022/10/6,0.022719753
2022/10/7,0.02198675
2022/10/8,0.011382981
2022/10/9,0.012422413
2022/10/10,0.019459824
2022/10/11,0.019323181
2022/10/12,0.013909452
2022/10/13,0.039995698
2022/10/14,0.027506378
2022/10/15,0.008874676
2022/10/16,0.01713399
2022/10/17,0.015111217
2022/10/18,0.019421519
2022/10/19,0.013953754
2022/10/20,0.016914665
2022/10/21,0.018220474
2022/10/22,0.005846265
2022/10/23,0.017155938
2022/10/24,0.015506592
2022/10/25,0.026028044
2022/10/26,0.033362274
2022/10/27,0.023292226
2022/10/28,0.019738438
2022/10/29,0.019271123
2022/10/30,0.01422673
2022/10/31,0.019025195
2022/11/1,0.014809426
2022/11/2,0.023957187
2022/11/3,0.01524871
2022/11/4,0.028861527
2022/11/5,0.018080864
2022/11/6,0.013758208
2022/11/7,0.019372422
2022/11/8,0.084863758
2022/11/9,0.076868133
2022/11/10,0.07807839
2022/11/11,0.062899098
2022/11/12,0.016848149
2022/11/13,0.02254957
2022/11/14,0.05798834
2022/11/15,0.02952846
2022/11/16,0.022883118
2022/11/17,0.01725221
2022/11/18,0.018986852
2022/11/19,0.009405407
2022/11/20,0.018129352
2022/11/21,0.037978469
2022/11/22,0.025685154
2022/11/23,0.023072717
2022/11/24,0.017667933
2022/11/25,0.012556457
2022/11/26,0.011149983
2022/11/27,0.009593662
2022/11/28,0.021385901
2022/11/29,0.014898715
2022/11/30,0.026870604
2022/12/1,0.017452639
2022/12/2,0.016370997
2022/12/3,0.008676699
2022/12/4,0.013468884
2022/12/5,0.018565762
2022/12/6,0.010787371
2022/12/7,0.014462464
2022/12/8,0.005199024
2022/12/9,0.007817795
2022/12/10,0.0061139
2022/12/11,0.00790924
2022/12/12,0.010507728
2022/12/13,0.032127679
2022/12/14,0.023486919
2022/12/15,0.015337242
2022/12/16,0.026493522
2022/12/17,0.008926033
2022/12/18,0.009081543
2022/12/19,0.01512926
2022/12/20,0.018755535
2022/12/21,0.010612332
2022/12/22,0.012263329
2022/12/23,0.008039818
2022/12/24,0.003470638
2022/12/25,0.005085143
2022/12/26,0.00481237
2022/12/27,0.009720769
2022/12/28,0.013221833
2022/12/29,0.007659429
2022/12/30,0.010417059
2022/12/31,0.005521968
2023/1/1,0.004267045
2023/1/2,0.008675682
2023/1/3,0.008256262
2023/1/4,0.013188134
2023/1/5,0.006645072
2023/1/6,0.010106265
2023/1/7,0.003037782
2023/1/8,0.007415275
2023/1/9,0.011209126
2023/1/10,0.009282294
2023/1/11,0.0171815
2023/1/12,0.040358812
2023/1/13,0.029018994
2023/1/14,0.051867298
2023/1/15,0.02024592
2023/1/16,0.032427819
2023/1/17,0.025083005
2023/1/18,0.039520163
2023/1/19,0.013381154
2023/1/20,0.028777894
2023/1/21,0.039421706
2023/1/22,0.025853207
2023/1/23,0.021860171
2023/1/24,0.020133842
2023/1/25,0.037805674
2023/1/26,0.020958696
2023/1/27,0.023165559
2023/1/28,0.009248213
2023/1/29,0.021116882
2023/1/30,0.027952325
2023/1/31,0.016899715
2023/2/1,0.023259194
2023/2/2,0.02779506
2023/2/3,0.019518345
2023/2/4,0.01088685
2023/2/5,0.015066928
2023/2/6,0.021486997
2023/2/7,0.025275591
2023/2/8,0.014095345
2023/2/9,0.028066176
2023/2/10,0.022394083
2023/2/11,0.009528213
2023/2/12,0.013374616
2023/2/13,0.015994713
2023/2/14,0.030886616
2023/2/15,0.026219943
2023/2/16,0.030402785
2023/2/17,0.043284725
2023/2/18,0.013345361
2023/2/19,0.020192766
2023/2/20,0.027477237
2023/2/21,0.023774381
2023/2/22,0.026268999
2023/2/23,0.026033764
2023/2/24,0.022605426
2023/2/25,0.013859822
2023/2/26,0.018983954
2023/2/27,0.023590047
2023/2/28,0.018086276
2023/3/1,0.025449066
2023/3/2,0.014789289
2023/3/3,0.0358216
2023/3/4,0.008601211
2023/3/5,0.017297074
2023/3/6,0.011741959
2023/3/7,0.019160467
2023/3/8,0.017742775
2023/3/9,0.027707398
2023/3/10,0.036728782
2023/3/11,0.029230528
2023/3/12,0.046438697
2023/3/13,0.054613291
2023/3/14,0.077222393
2023/3/15,0.049663037
2023/3/16,0.028256556
2023/3/17,0.039318103
2023/3/18,0.025803505
2023/3/19,0.029412583
2023/3/20,0.03193182
2023/3/21,0.027898552
2023/3/22,0.040751209
2023/3/23,0.03936685
2023/3/24,0.030187875
2023/3/25,0.018815182
2023/3/26,0.016906643
2023/3/27,0.030542474
2023/3/28,0.018745615
2023/3/29,0.024577687
2023/3/30,0.032473615
2023/3/31,0.022517566
2023/4/1,0.012147242
2023/4/2,0.016259719
2023/4/3,0.034515351
2023/4/4,0.01586073
2023/4/5,0.023538527
2023/4/6,0.01606971
2023/4/7,0.010564399
2023/4/8,0.008482775
2023/4/9,0.013194021
2023/4/10,0.025445977
2023/4/11,0.021104522
2023/4/12,0.023027157
2023/4/13,0.014980978
2023/4/14,0.019089213
2023/4/15,0.009156733
2023/4/16,0.010717449
2023/4/17,0.017776412
2023/4/18,0.0224259
2023/4/19,0.028144705
2023/4/20,0.021668399
2023/4/21,0.02637111
2023/4/22,0.01621858
2023/4/23,0.018435644
2023/4/24,0.026665508
2023/4/25,0.0198582
2023/4/26,0.05604335
2023/4/27,0.044998278
2023/4/28,0.021817911
2023/4/29,0.009902935
2023/4/30,0.020011201
2023/5/1,0.032522352
2023/5/2,0.024301023
2023/5/3,0.023936286
2023/5/4,0.016716775
2023/5/5,0.023093368
2023/5/6,0.018056388
2023/5/7,0.016335083
2023/5/8,0.026793338
2023/5/9,0.017837101
2023/5/10,0.035018693
2023/5/11,0.019512978
2023/5/12,0.030162876
2023/5/13,0.012633141
2023/5/14,0.012500032
2023/5/15,0.019045662
2023/5/16,0.016990569
2023/5/17,0.018925312
2023/5/18,0.025214786
2023/5/19,0.0112273
2023/5/20,0.007883788
2023/5/21,0.011739688
2023/5/22,0.016643193
2023/5/23,0.015276312
2023/5/24,0.021865523
2023/5/25,0.017084313
2023/5/26,0.013673981
2023/5/27,0.008464493
2023/5/28,0.018832256
2023/5/29,0.015363081
2023/5/30,0.014235404
2023/5/31,0.020252512
2023/6/1,0.021924881
2023/6/2,0.014741845
2023/6/3,0.008329457
2023/6/4,0.008888664
2023/6/5,0.026687069
2023/6/6,0.023002126
2023/6/7,0.02651719
2023/6/8,0.013806595
2023/6/9,0.01188964
2023/6/10,0.027711906
2023/6/11,0.014256215
2023/6/12,0.014628047
2023/6/13,0.019151573
2023/6/14,0.023351541
2023/6/15,0.019398043
2023/6/16,0.019205902
2023/6/17,0.014830533
2023/6/18,0.011867107
2023/6/19,0.024757997
2023/6/20,0.023554518
2023/6/21,0.038562345
2023/6/22,0.026198371
2023/6/23,0.028337906
2023/6/24,0.013410816
2023/6/25,0.014910972
2023/6/26,0.018909445
2023/6/27,0.01872239
2023/6/28,0.023029356
2023/6/29,0.014379427
2023/6/30,0.037390263
2023/7/1,0.007049795
2023/7/2,0.010876408
2023/7/3,0.016601515
2023/7/4,0.012136384
2023/7/5,0.012064784
2023/7/6,0.029568114
2023/7/7,0.012981247
2023/7/8,0.006760837
2023/7/9,0.008910415
2023/7/10,0.021146931
2023/7/11,0.011274177
2023/7/12,0.01603347
2023/7/13,0.027160367
2023/7/14,0.023973775
2023/7/15,0.005642995
2023/7/16,0.010659641
2023/7/17,0.014778861
2023/7/18,0.012988219
2023/7/19,0.012998491
2023/7/20,0.016718717
2023/7/21,0.010322646
2023/7/22,0.006530972
2023/7/23,0.010710567
2023/7/24,0.019942822
2023/7/25,0.007997272
2023/7/26,0.012481239
2023/7/27,0.00848175
2023/7/28,0.010023368
2023/7/29,0.00488835
2023/7/30,0.007701065
2023/7/31,0.009982943
2023/8/1,0.018220915
2023/8/2,0.018918615
2023/8/3,0.011284153
2023/8/4,0.010621106
2023/8/5,0.004914886
2023/8/6,0.005735007
2023/8/7,0.014002642
2023/8/8,0.015356065
2023/8/9,0.014701961
2023/8/10,0.011678004
2023/8/11,0.007634827
2023/8/12,0.003044008
2023/8/13,0.00384103
2023/8/14,0.012003541
2023/8/15,0.00866665
2023/8/16,0.010519733
2023/8/17,0.04694372
2023/8/18,0.027938604
2023/8/19,0.011893407
2023/8/20,0.009030576
2023/8/21,0.012588184
2023/8/22,0.01923723
2023/8/23,0.017296212
2023/8/24,0.01318538
2023/8/25,0.015072099
2023/8/26,0.00418251
2023/8/27,0.00590817
2023/8/28,0.01099674
2023/8/29,0.043205478
2023/8/30,0.014185557
2023/8/31,0.025567599
2023/9/1,0.019633185
2023/9/2,0.006869266
2023/9/3,0.010374742
2023/9/4,0.009537508
2023/9/5,0.007913502
2023/9/6,0.016399482
2023/9/7,0.012694165
2023/9/8,0.017307354
2023/9/9,0.004103993
2023/9/10,0.007673004
2023/9/11,0.018764272
2023/9/12,0.034050234
2023/9/13,0.015627309
2023/9/14,0.019620301
2023/9/15,0.014003002
2023/9/16,0.008985589
2023/9/17,0.006527216
2023/9/18,0.021802092
2023/9/19,0.021255933
2023/9/20,0.01584061
2023/9/21,0.013823285
2023/9/22,0.009188367
2023/9/23,0.004541362
2023/9/24,0.011097491
2023/9/25,0.013246974
2023/9/26,0.010172834
2023/9/27,0.017047211
2023/9/28,0.021381338
2023/9/29,0.015695417
2023/9/30,0.006715807
2023/10/1,0.022381103
2023/10/2,0.025974521
2023/10/3,0.013857835
2023/10/4,0.015434527
2023/10/5,0.015690298
2023/10/6,0.022829748
2023/10/7,0.006596629
2023/10/8,0.011679345
2023/10/9,0.013652703
2023/10/10,0.010993046
2023/10/11,0.015860667
2023/10/12,0.010920996
2023/10/13,0.012366174
2023/10/14,0.005415639
2023/10/15,0.010289249
2023/10/16,0.090725338
2023/10/17,0.017777348
2023/10/18,0.017243692
2023/10/19,0.01685042
2023/10/20,0.026965148
2023/10/21,0.014721651
2023/10/22,0.015058722
2023/10/23,0.059670199
2023/10/24,0.048529316
2023/10/25,0.029500985
2023/10/26,0.018845576
2023/10/27,0.01807652
2023/10/28,0.010723731
2023/10/29,0.013615925
2023/10/30,0.020897537
2023/10/31,0.014397548
2023/11/1,0.028261677
2023/11/2,0.022912456
2023/11/3,0.02060449
2023/11/4,0.0113745
2023/11/5,0.017057177
2023/11/6,0.014835215
2023/11/7,0.022983666
2023/11/8,0.017803095
2023/11/9,0.034902131
2023/11/10,0.020984215
2023/11/11,0.012324937
2023/11/12,0.009711421
2023/11/13,0.016887235
2023/11/14,0.023991661
2023/11/15,0.026674206
2023/11/16,0.026677006
2023/11/17,0.024330942
2023/11/18,0.009576886
2023/11/19,0.01504537
2023/11/20,0.025986777
2023/11/21,0.027368349
2023/11/22,0.025595602
2023/11/23,0.014847999
2023/11/24,0.022371831
2023/11/25,0.006050598
2023/11/26,0.014273262
2023/11/27,0.016930216
2023/11/28,0.016793406
2023/11/29,0.016639003
2023/11/30,0.014268521
2023/12/1,0.017320848
2023/12/2,0.017333276
2023/12/3,0.013661193
2023/12/4,0.02748062
2023/12/5,0.027943028
2023/12/6,0.021745571
2023/12/7,0.0222152
2023/12/8,0.018997693
2023/12/9,0.013179578
2023/12/10,0.010229079
2023/12/11,0.040213193
2023/12/12,0.025472657
2023/12/13,0.027281689
2023/12/14,0.034432944
2023/12/15,0.017666324
2023/12/16,0.013133511
2023/12/17,0.019098282
2023/12/18,0.025349481
2023/12/19,0.024796163
2023/12/20,0.024676938
2023/12/21,0.01878695
2023/12/22,0.017472105
2023/12/23,0.009131576
2023/12/24,0.01649753
2023/12/25,0.018647319
2023/12/26,0.018828433
2023/12/27,0.019316134
2023/12/28,0.017788423
2023/12/29,0.021581304
2023/12/30,0.014002872
2023/12/31,0.015751811
