date,volatility
2017/8/17,0.052331788
2017/8/18,0.082171252
2017/8/19,0.066349345
2017/8/20,0.048521251
2017/8/21,0.110765861
2017/8/22,0.096111308
2017/8/23,0.061475668
2017/8/24,0.050375313
2017/8/25,0.043868114
2017/8/26,0.037634714
2017/8/27,0.029235336
2017/8/28,0.042707485
2017/8/29,0.040548293
2017/8/30,0.05554316
2017/8/31,0.032466035
2017/9/1,0.034617725
2017/9/2,0.101674509
2017/9/3,0.073294013
2017/9/4,0.129336389
2017/9/5,0.112558015
2017/9/6,0.063908678
2017/9/7,0.044721285
2017/9/8,0.097004829
2017/9/9,0.062779278
2017/9/10,0.078615388
2017/9/11,0.057218649
2017/9/12,0.057044123
2017/9/13,0.091448433
2017/9/14,0.115293234
2017/9/15,0.173289465
2017/9/16,0.082978991
2017/9/17,0.063850854
2017/9/18,0.072166808
2017/9/19,0.064928827
2017/9/20,0.039238308
2017/9/21,0.072010363
2017/9/22,0.058132117
2017/9/23,0.048888848
2017/9/24,0.062441117
2017/9/25,0.044102753
2017/9/26,0.033169993
2017/9/27,0.038114904
2017/9/28,0.038245016
2017/9/29,0.054502342
2017/9/30,0.031640488
2017/10/1,0.038735472
2017/10/2,0.03979329
2017/10/3,0.036423478
2017/10/4,0.036096529
2017/10/5,0.033432569
2017/10/6,0.033037383
2017/10/7,0.032992176
2017/10/8,0.032837466
2017/10/9,0.057604714
2017/10/10,0.038526576
2017/10/11,0.035378204
2017/10/12,0.039928645
2017/10/13,0.074218358
2017/10/14,0.040155472
2017/10/15,0.058864387
2017/10/16,0.057030231
2017/10/17,0.043224618
2017/10/18,0.065675395
2017/10/19,0.040142581
2017/10/20,0.040451052
2017/10/21,0.040414322
2017/10/22,0.039920169
2017/10/23,0.049512626
2017/10/24,0.076190363
2017/10/25,0.041455884
2017/10/26,0.032716631
2017/10/27,0.03214221
2017/10/28,0.035852218
2017/10/29,0.045320225
2017/10/30,0.028724689
2017/10/31,0.02850271
2017/11/1,0.043507342
2017/11/2,0.081807163
2017/11/3,0.050779186
2017/11/4,0.043678229
2017/11/5,0.032540723
2017/11/6,0.041180765
2017/11/7,0.044938974
2017/11/8,0.051014178
2017/11/9,0.048301984
2017/11/10,0.056103927
2017/11/11,0.058504691
2017/11/12,0.084251241
2017/11/13,0.059219549
2017/11/14,0.052261854
2017/11/15,0.04174352
2017/11/16,0.043982941
2017/11/17,0.033889632
2017/11/18,0.031136958
2017/11/19,0.05832314
2017/11/20,0.043414159
2017/11/21,0.058382427
2017/11/22,0.03692968
2017/11/23,0.063407539
2017/11/24,0.081185876
2017/11/25,0.06854026
2017/11/26,0.061127609
2017/11/27,0.064140266
2017/11/28,0.042680064
2017/11/29,0.161020959
2017/11/30,0.111954179
2017/12/1,0.069623723
2017/12/2,0.063788985
2017/12/3,0.073715112
2017/12/4,0.056791232
2017/12/5,0.048186576
2017/12/6,0.073349596
2017/12/7,0.107262189
2017/12/8,0.125972948
2017/12/9,0.106881094
2017/12/10,0.091877287
2017/12/11,0.073916957
2017/12/12,0.135389341
2017/12/13,0.148108146
2017/12/14,0.113143055
2017/12/15,0.108415834
2017/12/16,0.058358695
2017/12/17,0.052113072
2017/12/18,0.07478746
2017/12/19,0.115581789
2017/12/20,0.113138302
2017/12/21,0.080843523
2017/12/22,0.255820168
2017/12/23,0.122995018
2017/12/24,0.128445899
2017/12/25,0.104421009
2017/12/26,0.056070417
2017/12/27,0.079296166
2017/12/28,0.08679475
2017/12/29,0.061597514
2017/12/30,0.098619359
2017/12/31,0.065031225
2018/1/1,0.058746719
2018/1/2,0.103038789
2018/1/3,0.066241838
2018/1/4,0.07318316
2018/1/5,0.080477189
2018/1/6,0.048664548
2018/1/7,0.053173116
2018/1/8,0.133156479
2018/1/9,0.097076804
2018/1/10,0.119596253
2018/1/11,0.145991625
2018/1/12,0.085467113
2018/1/13,0.057572765
2018/1/14,0.0843922
2018/1/15,0.06064753
2018/1/16,0.235666984
2018/1/17,0.232948601
2018/1/18,0.125087986
2018/1/19,0.090327003
2018/1/20,0.067710023
2018/1/21,0.114709767
2018/1/22,0.095896876
2018/1/23,0.09311617
2018/1/24,0.070902863
2018/1/25,0.06544242
2018/1/26,0.075371229
2018/1/27,0.055048917
2018/1/28,0.063151054
2018/1/29,0.066038853
2018/1/30,0.085971068
2018/1/31,0.071115162
2018/2/1,0.11824085
2018/2/2,0.195976143
2018/2/3,0.091627678
2018/2/4,0.113490106
2018/2/5,0.169972335
2018/2/6,0.245999606
2018/2/7,0.118383753
2018/2/8,0.08711203
2018/2/9,0.073697931
2018/2/10,0.077033666
2018/2/11,0.079454572
2018/2/12,0.062434232
2018/2/13,0.049414125
2018/2/14,0.048790272
2018/2/15,0.048609377
2018/2/16,0.040916209
2018/2/17,0.039273105
2018/2/18,0.05002035
2018/2/19,0.0418969
2018/2/20,0.045891863
2018/2/21,0.063938645
2018/2/22,0.060899534
2018/2/23,0.061548443
2018/2/24,0.065670892
2018/2/25,0.045133016
2018/2/26,0.04293215
2018/2/27,0.03165704
2018/2/28,0.0359586
2018/3/1,0.03476847
2018/3/2,0.031064309
2018/3/3,0.026589243
2018/3/4,0.028315215
2018/3/5,0.024442916
2018/3/6,0.031572165
2018/3/7,0.0589335
2018/3/8,0.054781435
2018/3/9,0.085097751
2018/3/10,0.051455727
2018/3/11,0.058722879
2018/3/12,0.056868529
2018/3/13,0.057331245
2018/3/14,0.061283523
2018/3/15,0.074542755
2018/3/16,0.056557168
2018/3/17,0.052263601
2018/3/18,0.127860019
2018/3/19,0.085439924
2018/3/20,0.062678132
2018/3/21,0.060612909
2018/3/22,0.059293033
2018/3/23,0.056671499
2018/3/24,0.044659504
2018/3/25,0.044920755
2018/3/26,0.07164885
2018/3/27,0.076728965
2018/3/28,0.051568546
2018/3/29,0.084154638
2018/3/30,0.098917423
2018/3/31,0.070218508
2018/4/1,0.067184253
2018/4/2,0.048040869
2018/4/3,0.048005885
2018/4/4,0.064275987
2018/4/5,0.059228345
2018/4/6,0.04537434
2018/4/7,0.034493321
2018/4/8,0.044743508
2018/4/9,0.058745414
2018/4/10,0.038124023
2018/4/11,0.037298973
2018/4/12,0.085963194
2018/4/13,0.066414645
2018/4/14,0.054131162
2018/4/15,0.042892655
2018/4/16,0.043924329
2018/4/17,0.035089107
2018/4/18,0.036770881
2018/4/19,0.037465458
2018/4/20,0.050131915
2018/4/21,0.051907369
2018/4/22,0.047287175
2018/4/23,0.030231499
2018/4/24,0.0426291
2018/4/25,0.095250585
2018/4/26,0.059028097
2018/4/27,0.047243505
2018/4/28,0.047966835
2018/4/29,0.043627868
2018/4/30,0.038104429
2018/5/1,0.053604837
2018/5/2,0.038503482
2018/5/3,0.057925748
2018/5/4,0.053351672
2018/5/5,0.041428408
2018/5/6,0.053792559
2018/5/7,0.087186368
2018/5/8,0.056295297
2018/5/9,0.042909318
2018/5/10,0.039863761
2018/5/11,0.066970541
2018/5/12,0.067594626
2018/5/13,0.052754508
2018/5/14,0.067739561
2018/5/15,0.046706604
2018/5/16,0.053392239
2018/5/17,0.040335294
2018/5/18,0.040751688
2018/5/19,0.036849656
2018/5/20,0.032398355
2018/5/21,0.028076389
2018/5/22,0.038001947
2018/5/23,0.067453353
2018/5/24,0.079510716
2018/5/25,0.05523628
2018/5/26,0.043048324
2018/5/27,0.039047183
2018/5/28,0.062287673
2018/5/29,0.05958593
2018/5/30,0.048323871
2018/5/31,0.039124304
2018/6/1,0.041964503
2018/6/2,0.036973964
2018/6/3,0.036014043
2018/6/4,0.038982221
2018/6/5,0.039680355
2018/6/6,0.03622417
2018/6/7,0.028628354
2018/6/8,0.024789136
2018/6/9,0.027401997
2018/6/10,0.064661137
2018/6/11,0.052680831
2018/6/12,0.055148535
2018/6/13,0.06857675
2018/6/14,0.078940937
2018/6/15,0.050837955
2018/6/16,0.041620098
2018/6/17,0.030501744
2018/6/18,0.04030523
2018/6/19,0.032960665
2018/6/20,0.037642465
2018/6/21,0.033165155
2018/6/22,0.081970037
2018/6/23,0.046386159
2018/6/24,0.078977394
2018/6/25,0.049636429
2018/6/26,0.043051628
2018/6/27,0.043544998
2018/6/28,0.038773838
2018/6/29,0.052165691
2018/6/30,0.047646984
2018/7/1,0.030958462
2018/7/2,0.044847808
2018/7/3,0.03717559
2018/7/4,0.043884422
2018/7/5,0.034918281
2018/7/6,0.035740408
2018/7/7,0.035798898
2018/7/8,0.028167616
2018/7/9,0.030595899
2018/7/10,0.05821233
2018/7/11,0.038796015
2018/7/12,0.038698218
2018/7/13,0.031786863
2018/7/14,0.030996541
2018/7/15,0.025570655
2018/7/16,0.035744754
2018/7/17,0.051966687
2018/7/18,0.04448944
2018/7/19,0.035400735
2018/7/20,0.045273527
2018/7/21,0.034507391
2018/7/22,0.035764052
2018/7/23,0.035984469
2018/7/24,0.045811203
2018/7/25,0.034320885
2018/7/26,0.031506822
2018/7/27,0.031913116
2018/7/28,0.020950125
2018/7/29,0.020119657
2018/7/30,0.026007839
2018/7/31,0.034399782
2018/8/1,0.040785949
2018/8/2,0.026701864
2018/8/3,0.034361958
2018/8/4,0.030980455
2018/8/5,0.027605588
2018/8/6,0.025041122
2018/8/7,0.040691467
2018/8/8,0.059937415
2018/8/9,0.039025002
2018/8/10,0.055652632
2018/8/11,0.061891486
2018/8/12,0.041366936
2018/8/13,0.052682513
2018/8/14,0.099472259
2018/8/15,0.076769493
2018/8/16,0.057702305
2018/8/17,0.061696575
2018/8/18,0.064777459
2018/8/19,0.049204498
2018/8/20,0.058100666
2018/8/21,0.043624693
2018/8/22,0.073424769
2018/8/23,0.042695726
2018/8/24,0.035675729
2018/8/25,0.026699235
2018/8/26,0.026389662
2018/8/27,0.033160684
2018/8/28,0.031653788
2018/8/29,0.03074235
2018/8/30,0.038804229
2018/8/31,0.029452256
2018/9/1,0.039649914
2018/9/2,0.039325291
2018/9/3,0.031353061
2018/9/4,0.029525997
2018/9/5,0.090722177
2018/9/6,0.110046042
2018/9/7,0.053067036
2018/9/8,0.066387078
2018/9/9,0.08226998
2018/9/10,0.060344233
2018/9/11,0.058282745
2018/9/12,0.071235046
2018/9/13,0.074932238
2018/9/14,0.082026192
2018/9/15,0.056394416
2018/9/16,0.054800156
2018/9/17,0.067990332
2018/9/18,0.064552606
2018/9/19,0.065432641
2018/9/20,0.052766099
2018/9/21,0.073114146
2018/9/22,0.067508436
2018/9/23,0.044050233
2018/9/24,0.049008865
2018/9/25,0.066373763
2018/9/26,0.052589372
2018/9/27,0.053232788
2018/9/28,0.055226032
2018/9/29,0.060963305
2018/9/30,0.046817696
2018/10/1,0.040014444
2018/10/2,0.033146245
2018/10/3,0.039816955
2018/10/4,0.033224919
2018/10/5,0.0353534
2018/10/6,0.020433089
2018/10/7,0.023021089
2018/10/8,0.022331742
2018/10/9,0.020465897
2018/10/10,0.021120591
2018/10/11,0.091577244
2018/10/12,0.041242363
2018/10/13,0.031041337
2018/10/14,0.028100264
2018/10/15,0.085657863
2018/10/16,0.030563609
2018/10/17,0.026250909
2018/10/18,0.032252494
2018/10/19,0.024556367
2018/10/20,0.024434999
2018/10/21,0.020986986
2018/10/22,0.022730892
2018/10/23,0.024800994
2018/10/24,0.019291772
2018/10/25,0.019054142
2018/10/26,0.025995842
2018/10/27,0.017263492
2018/10/28,0.013704994
2018/10/29,0.030582651
2018/10/30,0.021538968
2018/10/31,0.027775554
2018/11/1,0.018878113
2018/11/2,0.020759933
2018/11/3,0.018445872
2018/11/4,0.042854221
2018/11/5,0.026523752
2018/11/6,0.038554518
2018/11/7,0.034190463
2018/11/8,0.028728394
2018/11/9,0.025240545
2018/11/10,0.017815856
2018/11/11,0.023040441
2018/11/12,0.019139038
2018/11/13,0.024950281
2018/11/14,0.103280976
2018/11/15,0.073269107
2018/11/16,0.040580996
2018/11/17,0.028195647
2018/11/18,0.034005761
2018/11/19,0.096343763
2018/11/20,0.128012922
2018/11/21,0.089152246
2018/11/22,0.048394176
2018/11/23,0.077668535
2018/11/24,0.073265621
2018/11/25,0.122564484
2018/11/26,0.090250411
2018/11/27,0.071608577
2018/11/28,0.064425761
2018/11/29,0.066767351
2018/11/30,0.058447768
2018/12/1,0.049949816
2018/12/2,0.04711351
2018/12/3,0.051285912
2018/12/4,0.044707331
2018/12/5,0.047965826
2018/12/6,0.076594616
2018/12/7,0.13136072
2018/12/8,0.094412733
2018/12/9,0.0669957
2018/12/10,0.054579124
2018/12/11,0.046231756
2018/12/12,0.041825453
2018/12/13,0.04605824
2018/12/14,0.047042136
2018/12/15,0.037034181
2018/12/16,0.039067206
2018/12/17,0.059218546
2018/12/18,0.059746744
2018/12/19,0.073178744
2018/12/20,0.091474395
2018/12/21,0.083251287
2018/12/22,0.063719644
2018/12/23,0.087628861
2018/12/24,0.141237896
2018/12/25,0.102434316
2018/12/26,0.082761848
2018/12/27,0.079770986
2018/12/28,0.098845776
2018/12/29,0.11151718
2018/12/30,0.078700456
2018/12/31,0.057833059
2019/1/1,0.049571209
2019/1/2,0.060752084
2019/1/3,0.050708643
2019/1/4,0.059412339
2019/1/5,0.062420658
2019/1/6,0.050613111
2019/1/7,0.039019919
2019/1/8,0.03625871
2019/1/9,0.036873539
2019/1/10,0.091827038
2019/1/11,0.049969738
2019/1/12,0.036085439
2019/1/13,0.051569587
2019/1/14,0.08553025
2019/1/15,0.063817033
2019/1/16,0.052715607
2019/1/17,0.040734678
2019/1/18,0.030603011
2019/1/19,0.048432107
2019/1/20,0.041781808
2019/1/21,0.036225172
2019/1/22,0.048563306
2019/1/23,0.025465519
2019/1/24,0.025780617
2019/1/25,0.029767962
2019/1/26,0.018680543
2019/1/27,0.026222461
2019/1/28,0.046844839
2019/1/29,0.03709997
2019/1/30,0.041860614
2019/1/31,0.029128449
2019/2/1,0.03245975
2019/2/2,0.027601705
2019/2/3,0.025973503
2019/2/4,0.02133709
2019/2/5,0.014423843
2019/2/6,0.047062666
2019/2/7,0.019892487
2019/2/8,0.064538546
2019/2/9,0.027540929
2019/2/10,0.038636555
2019/2/11,0.037637825
2019/2/12,0.036198384
2019/2/13,0.0297014
2019/2/14,0.029955457
2019/2/15,0.025526846
2019/2/16,0.02225377
2019/2/17,0.0519923
2019/2/18,0.05757852
2019/2/19,0.045302639
2019/2/20,0.038449761
2019/2/21,0.037639293
2019/2/22,0.028954468
2019/2/23,0.049246655
2019/2/24,0.122965652
2019/2/25,0.05277407
2019/2/26,0.034750704
2019/2/27,0.06762973
2019/2/28,0.045486665
2019/3/1,0.024356452
2019/3/2,0.039042856
2019/3/3,0.030465361
2019/3/4,0.035662273
2019/3/5,0.038915611
2019/3/6,0.044326094
2019/3/7,0.033941036
2019/3/8,0.042590706
2019/3/9,0.029108034
2019/3/10,0.025227267
2019/3/11,0.028234878
2019/3/12,0.029669672
2019/3/13,0.023289861
2019/3/14,0.028947063
2019/3/15,0.025463665
2019/3/16,0.035857674
2019/3/17,0.026700512
2019/3/18,0.027613102
2019/3/19,0.021012373
2019/3/20,0.024247268
2019/3/21,0.028199423
2019/3/22,0.0173731
2019/3/23,0.019363388
2019/3/24,0.018053772
2019/3/25,0.019417973
2019/3/26,0.016262539
2019/3/27,0.024827319
2019/3/28,0.017237711
2019/3/29,0.031133547
2019/3/30,0.027199954
2019/3/31,0.016949995
2019/4/1,0.027289219
2019/4/2,0.083514082
2019/4/3,0.111548695
2019/4/4,0.058819389
2019/4/5,0.046346004
2019/4/6,0.051770199
2019/4/7,0.050657847
2019/4/8,0.065921618
2019/4/9,0.032961456
2019/4/10,0.064904914
2019/4/11,0.051904252
2019/4/12,0.037428768
2019/4/13,0.026951039
2019/4/14,0.0276902
2019/4/15,0.049638735
2019/4/16,0.033697697
2019/4/17,0.026555763
2019/4/18,0.039983574
2019/4/19,0.03078255
2019/4/20,0.027487147
2019/4/21,0.029252596
2019/4/22,0.032839593
2019/4/23,0.038287634
2019/4/24,0.038960181
2019/4/25,0.074774154
2019/4/26,0.039776013
2019/4/27,0.027376087
2019/4/28,0.023754515
2019/4/29,0.028433187
2019/4/30,0.030631349
2019/5/1,0.029872771
2019/5/2,0.026185573
2019/5/3,0.040000359
2019/5/4,0.035078281
2019/5/5,0.025350977
2019/5/6,0.041444303
2019/5/7,0.0576443
2019/5/8,0.038785248
2019/5/9,0.032759042
2019/5/10,0.041320605
2019/5/11,0.076877251
2019/5/12,0.075690073
2019/5/13,0.066338195
2019/5/14,0.093392648
2019/5/15,0.077307478
2019/5/16,0.132061617
2019/5/17,0.135987187
2019/5/18,0.066121743
2019/5/19,0.061969519
2019/5/20,0.081398394
2019/5/21,0.055975427
2019/5/22,0.055791641
2019/5/23,0.051408511
2019/5/24,0.039541872
2019/5/25,0.034311652
2019/5/26,0.049753155
2019/5/27,0.049070237
2019/5/28,0.03890237
2019/5/29,0.040304485
2019/5/30,0.088306991
2019/5/31,0.052674492
2019/6/1,0.044133166
2019/6/2,0.036138484
2019/6/3,0.0487633
2019/6/4,0.070999484
2019/6/5,0.04279201
2019/6/6,0.0394018
2019/6/7,0.034588723
2019/6/8,0.027493704
2019/6/9,0.040864459
2019/6/10,0.045149443
2019/6/11,0.040503554
2019/6/12,0.043027776
2019/6/13,0.031733834
2019/6/14,0.032369315
2019/6/15,0.033640212
2019/6/16,0.039921757
2019/6/17,0.032210345
2019/6/18,0.029637559
2019/6/19,0.023577664
2019/6/20,0.026257347
2019/6/21,0.050054218
2019/6/22,0.063732713
2019/6/23,0.044766221
2019/6/24,0.040185343
2019/6/25,0.032707482
2019/6/26,0.116455501
2019/6/27,0.120231571
2019/6/28,0.064420679
2019/6/29,0.058541989
2019/6/30,0.057899324
2019/7/1,0.066414953
2019/7/2,0.071450155
2019/7/3,0.04123427
2019/7/4,0.047586523
2019/7/5,0.041928654
2019/7/6,0.039340727
2019/7/7,0.045448276
2019/7/8,0.034060703
2019/7/9,0.035643856
2019/7/10,0.063189124
2019/7/11,0.064472317
2019/7/12,0.041232264
2019/7/13,0.036239044
2019/7/14,0.118233754
2019/7/15,0.110267488
2019/7/16,0.115047753
2019/7/17,0.0871433
2019/7/18,0.077845663
2019/7/19,0.06420687
2019/7/20,0.047116057
2019/7/21,0.042726435
2019/7/22,0.046933263
2019/7/23,0.039560271
2019/7/24,0.0718641
2019/7/25,0.052873966
2019/7/26,0.036318491
2019/7/27,0.056009738
2019/7/28,0.066069853
2019/7/29,0.038148459
2019/7/30,0.029816244
2019/7/31,0.030185932
2019/8/1,0.023895669
2019/8/2,0.034129409
2019/8/3,0.026378437
2019/8/4,0.02596111
2019/8/5,0.03712741
2019/8/6,0.045625105
2019/8/7,0.035186043
2019/8/8,0.027118991
2019/8/9,0.03857948
2019/8/10,0.062000017
2019/8/11,0.04148029
2019/8/12,0.022894873
2019/8/13,0.027987226
2019/8/14,0.075184097
2019/8/15,0.04966506
2019/8/16,0.042012869
2019/8/17,0.026752592
2019/8/18,0.035210258
2019/8/19,0.035985101
2019/8/20,0.031123017
2019/8/21,0.043758002
2019/8/22,0.042551881
2019/8/23,0.034318363
2019/8/24,0.03497323
2019/8/25,0.035131192
2019/8/26,0.036016219
2019/8/27,0.026853463
2019/8/28,0.066152898
2019/8/29,0.037473687
2019/8/30,0.029796482
2019/8/31,0.032222884
2019/9/1,0.027928448
2019/9/2,0.03814852
2019/9/3,0.037855393
2019/9/4,0.030692865
2019/9/5,0.031273609
2019/9/6,0.034964982
2019/9/7,0.03157093
2019/9/8,0.039075861
2019/9/9,0.03674831
2019/9/10,0.028628211
2019/9/11,0.030625412
2019/9/12,0.024469438
2019/9/13,0.021086734
2019/9/14,0.028676261
2019/9/15,0.023283255
2019/9/16,0.036530637
2019/9/17,0.047292643
2019/9/18,0.038899784
2019/9/19,0.052929475
2019/9/20,0.033000009
2019/9/21,0.028957142
2019/9/22,0.036505241
2019/9/23,0.042872978
2019/9/24,0.134247384
2019/9/25,0.069408765
2019/9/26,0.059207682
2019/9/27,0.052461059
2019/9/28,0.040650368
2019/9/29,0.041280265
2019/9/30,0.045366494
2019/10/1,0.046131356
2019/10/2,0.03359309
2019/10/3,0.033077651
2019/10/4,0.031712737
2019/10/5,0.031051399
2019/10/6,0.038712315
2019/10/7,0.039327378
2019/10/8,0.033121678
2019/10/9,0.048685314
2019/10/10,0.032128045
2019/10/11,0.054006313
2019/10/12,0.032647138
2019/10/13,0.027437888
2019/10/14,0.028637563
2019/10/15,0.041411228
2019/10/16,0.028132096
2019/10/17,0.023186949
2019/10/18,0.033346994
2019/10/19,0.030585651
2019/10/20,0.025438312
2019/10/21,0.030559909
2019/10/22,0.021787096
2019/10/23,0.076294158
2019/10/24,0.026617268
2019/10/25,0.078172526
2019/10/26,0.082813035
2019/10/27,0.055343452
2019/10/28,0.044061815
2019/10/29,0.039993144
2019/10/30,0.040174322
2019/10/31,0.034691385
2019/11/1,0.028824332
2019/11/2,0.024315746
2019/11/3,0.021644404
2019/11/4,0.026100283
2019/11/5,0.030007174
2019/11/6,0.029068679
2019/11/7,0.027295344
2019/11/8,0.028573076
2019/11/9,0.019799064
2019/11/10,0.036716997
2019/11/11,0.02499649
2019/11/12,0.023320213
2019/11/13,0.019295377
2019/11/14,0.022526588
2019/11/15,0.03361079
2019/11/16,0.020979571
2019/11/17,0.026925968
2019/11/18,0.026036446
2019/11/19,0.030754834
2019/11/20,0.026582611
2019/11/21,0.042625916
2019/11/22,0.092890592
2019/11/23,0.048870619
2019/11/24,0.059292844
2019/11/25,0.081949478
2019/11/26,0.043099379
2019/11/27,0.055426232
2019/11/28,0.039328759
2019/11/29,0.036535207
2019/11/30,0.029666324
2019/12/1,0.036553219
2019/12/2,0.029055997
2019/12/3,0.026002154
2019/12/4,0.043363062
2019/12/5,0.028482155
2019/12/6,0.025023195
2019/12/7,0.018627066
2019/12/8,0.024151704
2019/12/9,0.025517227
2019/12/10,0.02086612
2019/12/11,0.02465622
2019/12/12,0.030351636
2019/12/13,0.015940249
2019/12/14,0.016177323
2019/12/15,0.021361487
2019/12/16,0.073060514
2019/12/17,0.050419079
2019/12/18,0.069426157
2019/12/19,0.04668375
2019/12/20,0.028627198
2019/12/21,0.020408984
2019/12/22,0.027145408
2019/12/23,0.037435369
2019/12/24,0.024779493
2019/12/25,0.029221682
2019/12/26,0.033916859
2019/12/27,0.032264703
2019/12/28,0.025125762
2019/12/29,0.035976508
2019/12/30,0.030200234
2019/12/31,0.027664915
2020/1/1,0.024859409
2020/1/2,0.023677328
2020/1/3,0.041254761
2020/1/4,0.028387765
2020/1/5,0.032201249
2020/1/6,0.035843933
2020/1/7,0.034937451
2020/1/8,0.04415624
2020/1/9,0.034473819
2020/1/10,0.038457556
2020/1/11,0.042067054
2020/1/12,0.027648859
2020/1/13,0.024738986
2020/1/14,0.077923754
2020/1/15,0.063723833
2020/1/16,0.048989511
2020/1/17,0.057562484
2020/1/18,0.055782735
2020/1/19,0.059767587
2020/1/20,0.037201911
2020/1/21,0.034470151
2020/1/22,0.027312825
2020/1/23,0.036569544
2020/1/24,0.039297357
2020/1/25,0.030905117
2020/1/26,0.028624266
2020/1/27,0.037806367
2020/1/28,0.037295455
2020/1/29,0.031468569
2020/1/30,0.042160028
2020/1/31,0.038224914
2020/2/1,0.036415474
2020/2/2,0.040314497
2020/2/3,0.044137829
2020/2/4,0.031783582
2020/2/5,0.039998108
2020/2/6,0.054063093
2020/2/7,0.044860953
2020/2/8,0.041730043
2020/2/9,0.031332945
2020/2/10,0.044050808
2020/2/11,0.047715306
2020/2/12,0.061890288
2020/2/13,0.077726164
2020/2/14,0.049342528
2020/2/15,0.062878155
2020/2/16,0.076945807
2020/2/17,0.083809697
2020/2/18,0.062664585
2020/2/19,0.077502887
2020/2/20,0.07473029
2020/2/21,0.046449066
2020/2/22,0.033787437
2020/2/23,0.033914767
2020/2/24,0.049290555
2020/2/25,0.055878157
2020/2/26,0.081508683
2020/2/27,0.075282294
2020/2/28,0.068736468
2020/2/29,0.045469426
2020/3/1,0.05516022
2020/3/2,0.044555114
2020/3/3,0.045617185
2020/3/4,0.034681516
2020/3/5,0.034170529
2020/3/6,0.033214916
2020/3/7,0.037504905
2020/3/8,0.074932037
2020/3/9,0.089254183
2020/3/10,0.052853613
2020/3/11,0.06229402
2020/3/12,0.27401208
2020/3/13,0.328833917
2020/3/14,0.089766398
2020/3/15,0.08735816
2020/3/16,0.141272407
2020/3/17,0.087310864
2020/3/18,0.072138029
2020/3/19,0.092034663
2020/3/20,0.142480252
2020/3/21,0.088943315
2020/3/22,0.082324194
2020/3/23,0.085004151
2020/3/24,0.070791967
2020/3/25,0.061085424
2020/3/26,0.042683247
2020/3/27,0.063930281
2020/3/28,0.050219589
2020/3/29,0.036814006
2020/3/30,0.04505051
2020/3/31,0.032754816
2020/4/1,0.037353961
2020/4/2,0.059719609
2020/4/3,0.050017739
2020/4/4,0.051207719
2020/4/5,0.030307434
2020/4/6,0.064771453
2020/4/7,0.065336789
2020/4/8,0.05648932
2020/4/9,0.042651526
2020/4/10,0.059975368
2020/4/11,0.037151431
2020/4/12,0.038654322
2020/4/13,0.056669702
2020/4/14,0.038214376
2020/4/15,0.04159471
2020/4/16,0.072193628
2020/4/17,0.044781634
2020/4/18,0.051738071
2020/4/19,0.047657598
2020/4/20,0.065652699
2020/4/21,0.042409608
2020/4/22,0.04080876
2020/4/23,0.050797885
2020/4/24,0.034314759
2020/4/25,0.040431084
2020/4/26,0.032498887
2020/4/27,0.034774425
2020/4/28,0.030214742
2020/4/29,0.047063253
2020/4/30,0.081037589
2020/5/1,0.040680556
2020/5/2,0.027044601
2020/5/3,0.040491928
2020/5/4,0.057543681
2020/5/5,0.04511011
2020/5/6,0.038688601
2020/5/7,0.050113976
2020/5/8,0.037189762
2020/5/9,0.037403385
2020/5/10,0.12060505
2020/5/11,0.059782607
2020/5/12,0.035012457
2020/5/13,0.033984434
2020/5/14,0.043544005
2020/5/15,0.037395668
2020/5/16,0.030984944
2020/5/17,0.031029709
2020/5/18,0.038423883
2020/5/19,0.030761944
2020/5/20,0.039019072
2020/5/21,0.039464346
2020/5/22,0.033909249
2020/5/23,0.029125276
2020/5/24,0.037232646
2020/5/25,0.032112789
2020/5/26,0.029073318
2020/5/27,0.02334759
2020/5/28,0.030045405
2020/5/29,0.035446608
2020/5/30,0.044075345
2020/5/31,0.041248587
2020/6/1,0.045307743
2020/6/2,0.065295447
2020/6/3,0.029697952
2020/6/4,0.037872271
2020/6/5,0.03249787
2020/6/6,0.025217844
2020/6/7,0.031118374
2020/6/8,0.023558252
2020/6/9,0.03577347
2020/6/10,0.029967396
2020/6/11,0.03838889
2020/6/12,0.026105407
2020/6/13,0.021174185
2020/6/14,0.025842649
2020/6/15,0.044131211
2020/6/16,0.025258216
2020/6/17,0.029423936
2020/6/18,0.022848819
2020/6/19,0.023159344
2020/6/20,0.018630694
2020/6/21,0.016033784
2020/6/22,0.029652442
2020/6/23,0.022556052
2020/6/24,0.039681538
2020/6/25,0.028026358
2020/6/26,0.027116842
2020/6/27,0.031866475
2020/6/28,0.025920116
2020/6/29,0.025517608
2020/6/30,0.022130253
2020/7/1,0.023665872
2020/7/2,0.028275022
2020/7/3,0.018950376
2020/7/4,0.017283112
2020/7/5,0.020919233
2020/7/6,0.025266545
2020/7/7,0.025198423
2020/7/8,0.030149716
2020/7/9,0.026531008
2020/7/10,0.024714723
2020/7/11,0.016958168
2020/7/12,0.029523372
2020/7/13,0.022822215
2020/7/14,0.016428461
2020/7/15,0.016352797
2020/7/16,0.026288598
2020/7/17,0.015497955
2020/7/18,0.015024509
2020/7/19,0.017446533
2020/7/20,0.017809274
2020/7/21,0.021189721
2020/7/22,0.068874304
2020/7/23,0.036080286
2020/7/24,0.038578593
2020/7/25,0.043675247
2020/7/26,0.049953977
2020/7/27,0.061375691
2020/7/28,0.048355633
2020/7/29,0.038627165
2020/7/30,0.037559104
2020/7/31,0.042937338
2020/8/1,0.053511006
2020/8/2,0.169217937
2020/8/3,0.04914126
2020/8/4,0.042774167
2020/8/5,0.044101762
2020/8/6,0.029375164
2020/8/7,0.04633443
2020/8/8,0.035553593
2020/8/9,0.036413082
2020/8/10,0.03528238
2020/8/11,0.043612803
2020/8/12,0.033795685
2020/8/13,0.058336956
2020/8/14,0.044385763
2020/8/15,0.03465714
2020/8/16,0.042437236
2020/8/17,0.047611221
2020/8/18,0.042362187
2020/8/19,0.053883558
2020/8/20,0.037162676
2020/8/21,0.043243243
2020/8/22,0.033870077
2020/8/23,0.028263554
2020/8/24,0.031653555
2020/8/25,0.0484285
2020/8/26,0.03508121
2020/8/27,0.042396513
2020/8/28,0.031440678
2020/8/29,0.026765409
2020/8/30,0.029202589
2020/8/31,0.033916719
2020/9/1,0.050851822
2020/9/2,0.073666419
2020/9/3,0.082518182
2020/9/4,0.068962956
2020/9/5,0.119950696
2020/9/6,0.089810751
2020/9/7,0.078201024
2020/9/8,0.069609567
2020/9/9,0.046662571
2020/9/10,0.055250422
2020/9/11,0.043601721
2020/9/12,0.034141866
2020/9/13,0.041308831
2020/9/14,0.04818462
2020/9/15,0.039540212
2020/9/16,0.040784201
2020/9/17,0.043329306
2020/9/18,0.032304599
2020/9/19,0.02637386
2020/9/20,0.028596417
2020/9/21,0.058734695
2020/9/22,0.041260557
2020/9/23,0.047011397
2020/9/24,0.044552741
2020/9/25,0.038473619
2020/9/26,0.029263042
2020/9/27,0.033116362
2020/9/28,0.032552577
2020/9/29,0.025960857
2020/9/30,0.022805348
2020/10/1,0.034694932
2020/10/2,0.03726026
2020/10/3,0.019992851
2020/10/4,0.019604374
2020/10/5,0.020493521
2020/10/6,0.03155974
2020/10/7,0.025270165
2020/10/8,0.025247677
2020/10/9,0.024171945
2020/10/10,0.028068639
2020/10/11,0.023536164
2020/10/12,0.036039557
2020/10/13,0.027549995
2020/10/14,0.028831739
2020/10/15,0.028558467
2020/10/16,0.033087579
2020/10/17,0.01792299
2020/10/18,0.018219418
2020/10/19,0.019002283
2020/10/20,0.026675832
2020/10/21,0.04213134
2020/10/22,0.038203724
2020/10/23,0.031051489
2020/10/24,0.022654788
2020/10/25,0.026695364
2020/10/26,0.036811692
2020/10/27,0.028841662
2020/10/28,0.04172873
2020/10/29,0.027321987
2020/10/30,0.035658671
2020/10/31,0.030653211
2020/11/1,0.027001369
2020/11/2,0.03299448
2020/11/3,0.029909912
2020/11/4,0.040075113
2020/11/5,0.044036631
2020/11/6,0.054062663
2020/11/7,0.054463789
2020/11/8,0.036651184
2020/11/9,0.044183285
2020/11/10,0.034559349
2020/11/11,0.037045903
2020/11/12,0.043534676
2020/11/13,0.029570167
2020/11/14,0.031871118
2020/11/15,0.028292824
2020/11/16,0.027635827
2020/11/17,0.038252141
2020/11/18,0.05614057
2020/11/19,0.028846518
2020/11/20,0.039967786
2020/11/21,0.049013926
2020/11/22,0.066843906
2020/11/23,0.063534654
2020/11/24,0.059607227
2020/11/25,0.054342546
2020/11/26,0.106772637
2020/11/27,0.050286279
2020/11/28,0.037374315
2020/11/29,0.037849491
2020/11/30,0.054248558
2020/12/1,0.103095916
2020/12/2,0.048164478
2020/12/3,0.036447345
2020/12/4,0.046971819
2020/12/5,0.034870501
2020/12/6,0.028523419
2020/12/7,0.024840388
2020/12/8,0.040559266
2020/12/9,0.048352996
2020/12/10,0.037712397
2020/12/11,0.042405799
2020/12/12,0.026427421
2020/12/13,0.028711377
2020/12/14,0.028395134
2020/12/15,0.024921498
2020/12/16,0.037447508
2020/12/17,0.067229628
2020/12/18,0.045156064
2020/12/19,0.036072076
2020/12/20,0.042451279
2020/12/21,0.053208316
2020/12/22,0.043528959
2020/12/23,0.063753579
2020/12/24,0.053909223
2020/12/25,0.038763374
2020/12/26,0.04275061
2020/12/27,0.082890347
2020/12/28,0.064909003
2020/12/29,0.060137191
2020/12/30,0.044484363
2020/12/31,0.041679204
2021/1/1,0.03545621
2021/1/2,0.056198125
2021/1/3,0.116381883
2021/1/4,0.172235873
2021/1/5,0.120348344
2021/1/6,0.098640297
2021/1/7,0.096148718
2021/1/8,0.132740262
2021/1/9,0.069358725
2021/1/10,0.10172149
2021/1/11,0.208778551
2021/1/12,0.112861118
2021/1/13,0.085051837
2021/1/14,0.073858278
2021/1/15,0.10095378
2021/1/16,0.079899325
2021/1/17,0.070989959
2021/1/18,0.054692266
2021/1/19,0.084122042
2021/1/20,0.095613349
2021/1/21,0.107893294
2021/1/22,0.102444882
2021/1/23,0.06219124
2021/1/24,0.065865027
2021/1/25,0.079871504
2021/1/26,0.087439827
2021/1/27,0.08772279
2021/1/28,0.065902611
2021/1/29,0.093446328
2021/1/30,0.053478692
2021/1/31,0.046938076
2021/2/1,0.051262939
2021/2/2,0.070326069
2021/2/3,0.057048569
2021/2/4,0.072553072
2021/2/5,0.053131144
2021/2/6,0.04844189
2021/2/7,0.061384538
2021/2/8,0.069275621
2021/2/9,0.057200702
2021/2/10,0.066991904
2021/2/11,0.043767907
2021/2/12,0.043110108
2021/2/13,0.041870001
2021/2/14,0.034051813
2021/2/15,0.064102424
2021/2/16,0.046647066
2021/2/17,0.038791802
2021/2/18,0.035928856
2021/2/19,0.031117036
2021/2/20,0.057431996
2021/2/21,0.045123132
2021/2/22,0.101410864
2021/2/23,0.172584478
2021/2/24,0.083837559
2021/2/25,0.0753804
2021/2/26,0.094399931
2021/2/27,0.069933131
2021/2/28,0.085701629
2021/3/1,0.056500362
2021/3/2,0.064695225
2021/3/3,0.057153012
2021/3/4,0.06287693
2021/3/5,0.053806492
2021/3/6,0.05000493
2021/3/7,0.046387665
2021/3/8,0.053151756
2021/3/9,0.040918134
2021/3/10,0.057796815
2021/3/11,0.052114172
2021/3/12,0.04682029
2021/3/13,0.044145978
2021/3/14,0.039364341
2021/3/15,0.047369784
2021/3/16,0.050956912
2021/3/17,0.037555725
2021/3/18,0.034046338
2021/3/19,0.037844108
2021/3/20,0.028463365
2021/3/21,0.027943158
2021/3/22,0.048799342
2021/3/23,0.040762422
2021/3/24,0.060726681
2021/3/25,0.056323793
2021/3/26,0.032804084
2021/3/27,0.029863669
2021/3/28,0.028526603
2021/3/29,0.037491493
2021/3/30,0.028675392
2021/3/31,0.046822254
2021/4/1,0.04355173
2021/4/2,0.041247095
2021/4/3,0.052128994
2021/4/4,0.034871958
2021/4/5,0.034997553
2021/4/6,0.039119541
2021/4/7,0.055415035
2021/4/8,0.033853044
2021/4/9,0.025696298
2021/4/10,0.037843328
2021/4/11,0.031003316
2021/4/12,0.035304042
2021/4/13,0.038362011
2021/4/14,0.059762339
2021/4/15,0.041903003
2021/4/16,0.064595208
2021/4/17,0.047488757
2021/4/18,0.122028672
2021/4/19,0.06523488
2021/4/20,0.075105347
2021/4/21,0.065573463
2021/4/22,0.094409865
2021/4/23,0.12537323
2021/4/24,0.073434011
2021/4/25,0.064400354
2021/4/26,0.062566935
2021/4/27,0.046716395
2021/4/28,0.059071462
2021/4/29,0.045970734
2021/4/30,0.035457694
2021/5/1,0.03573276
2021/5/2,0.032404746
2021/5/3,0.054068041
2021/5/4,0.086750805
2021/5/5,0.06090256
2021/5/6,0.054391615
2021/5/7,0.047491688
2021/5/8,0.053182979
2021/5/9,0.054503361
2021/5/10,0.116894574
2021/5/11,0.064824724
2021/5/12,0.089253798
2021/5/13,0.115611658
2021/5/14,0.06195836
2021/5/15,0.076336432
2021/5/16,0.091099644
2021/5/17,0.114749061
2021/5/18,0.080905339
2021/5/19,0.326657848
2021/5/20,0.166933228
2021/5/21,0.151484128
2021/5/22,0.121011891
2021/5/23,0.165818753
2021/5/24,0.126578707
2021/5/25,0.114348655
2021/5/26,0.086628696
2021/5/27,0.067103473
2021/5/28,0.092197226
2021/5/29,0.085352283
2021/5/30,0.067522014
2021/5/31,0.072261334
2021/6/1,0.069606057
2021/6/2,0.052133541
2021/6/3,0.050526811
2021/6/4,0.064619193
2021/6/5,0.060039274
2021/6/6,0.041448587
2021/6/7,0.067865703
2021/6/8,0.077466484
2021/6/9,0.069325987
2021/6/10,0.051374017
2021/6/11,0.048689524
2021/6/12,0.053579336
2021/6/13,0.047225802
2021/6/14,0.039855912
2021/6/15,0.040991764
2021/6/16,0.052213821
2021/6/17,0.041681634
2021/6/18,0.049731565
2021/6/19,0.044351642
2021/6/20,0.052277949
2021/6/21,0.10511937
2021/6/22,0.107265944
2021/6/23,0.065200899
2021/6/24,0.045457964
2021/6/25,0.069647575
2021/6/26,0.068165872
2021/6/27,0.057306907
2021/6/28,0.060942214
2021/6/29,0.052302092
2021/6/30,0.056142154
2021/7/1,0.055113312
2021/7/2,0.051058964
2021/7/3,0.03813882
2021/7/4,0.043483732
2021/7/5,0.056119466
2021/7/6,0.055818748
2021/7/7,0.042107965
2021/7/8,0.046699718
2021/7/9,0.048368303
2021/7/10,0.043379203
2021/7/11,0.03428674
2021/7/12,0.037336742
2021/7/13,0.040887226
2021/7/14,0.055763773
2021/7/15,0.047139678
2021/7/16,0.045810205
2021/7/17,0.040237592
2021/7/18,0.041611718
2021/7/19,0.035850528
2021/7/20,0.046116531
2021/7/21,0.054343193
2021/7/22,0.043682102
2021/7/23,0.034673196
2021/7/24,0.036144961
2021/7/25,0.037242535
2021/7/26,0.06604189
2021/7/27,0.054003975
2021/7/28,0.048826755
2021/7/29,0.038212956
2021/7/30,0.04068951
2021/7/31,0.033222611
2021/8/1,0.046621379
2021/8/2,0.044897999
2021/8/3,0.051215853
2021/8/4,0.048776003
2021/8/5,0.070553467
2021/8/6,0.047537811
2021/8/7,0.056227282
2021/8/8,0.054750823
2021/8/9,0.056370999
2021/8/10,0.050561094
2021/8/11,0.041690239
2021/8/12,0.045878343
2021/8/13,0.039199104
2021/8/14,0.03409081
2021/8/15,0.040162706
2021/8/16,0.038823513
2021/8/17,0.050383142
2021/8/18,0.045873031
2021/8/19,0.040445747
2021/8/20,0.031458717
2021/8/21,0.031504511
2021/8/22,0.033785326
2021/8/23,0.032451178
2021/8/24,0.036010913
2021/8/25,0.037691925
2021/8/26,0.041637862
2021/8/27,0.035944354
2021/8/28,0.023818864
2021/8/29,0.031263162
2021/8/30,0.032599801
2021/8/31,0.046844322
2021/9/1,0.04324001
2021/9/2,0.037158591
2021/9/3,0.039235196
2021/9/4,0.029626499
2021/9/5,0.028740141
2021/9/6,0.0228484
2021/9/7,0.132128783
2021/9/8,0.069724109
2021/9/9,0.04991606
2021/9/10,0.055978506
2021/9/11,0.041771896
2021/9/12,0.042212724
2021/9/13,0.069351402
2021/9/14,0.040811798
2021/9/15,0.033568718
2021/9/16,0.044114433
2021/9/17,0.043815261
2021/9/18,0.034357547
2021/9/19,0.035988968
2021/9/20,0.070738345
2021/9/21,0.082705458
2021/9/22,0.05820641
2021/9/23,0.047882128
2021/9/24,0.067975876
2021/9/25,0.06263166
2021/9/26,0.065725359
2021/9/27,0.048705693
2021/9/28,0.059761114
2021/9/29,0.044677033
2021/9/30,0.048069098
2021/10/1,0.045202615
2021/10/2,0.040000548
2021/10/3,0.035405785
2021/10/4,0.044589283
2021/10/5,0.031486623
2021/10/6,0.051611579
2021/10/7,0.046091685
2021/10/8,0.036935457
2021/10/9,0.026462983
2021/10/10,0.039067768
2021/10/11,0.039772499
2021/10/12,0.043484766
2021/10/13,0.038350045
2021/10/14,0.03525897
2021/10/15,0.033390533
2021/10/16,0.030743816
2021/10/17,0.037702452
2021/10/18,0.042761544
2021/10/19,0.038641511
2021/10/20,0.03041009
2021/10/21,0.063799875
2021/10/22,0.035566839
2021/10/23,0.032482306
2021/10/24,0.033912538
2021/10/25,0.028997031
2021/10/26,0.033014485
2021/10/27,0.054989584
2021/10/28,0.040538321
2021/10/29,0.035621753
2021/10/30,0.026954033
2021/10/31,0.031708776
2021/11/1,0.03587225
2021/11/2,0.028184296
2021/11/3,0.030716521
2021/11/4,0.030303894
2021/11/5,0.026345912
2021/11/6,0.027146308
2021/11/7,0.0218805
2021/11/8,0.023670086
2021/11/9,0.025919586
2021/11/10,0.046347572
2021/11/11,0.030137042
2021/11/12,0.039340067
2021/11/13,0.02619458
2021/11/14,0.023688585
2021/11/15,0.028234259
2021/11/16,0.065927288
2021/11/17,0.049534903
2021/11/18,0.057940876
2021/11/19,0.039115888
2021/11/20,0.033297854
2021/11/21,0.031693707
2021/11/22,0.050770508
2021/11/23,0.046365369
2021/11/24,0.040758114
2021/11/25,0.031500347
2021/11/26,0.059814414
2021/11/27,0.033251148
2021/11/28,0.043646295
2021/11/29,0.035369792
2021/11/30,0.05477239
2021/12/1,0.043136073
2021/12/2,0.045785777
2021/12/3,0.053705973
2021/12/4,0.092200935
2021/12/5,0.050104135
2021/12/6,0.062139463
2021/12/7,0.037858791
2021/12/8,0.042424299
2021/12/9,0.045130679
2021/12/10,0.056776754
2021/12/11,0.05142442
2021/12/12,0.028813543
2021/12/13,0.05032244
2021/12/14,0.046900061
2021/12/15,0.063429747
2021/12/16,0.037157486
2021/12/17,0.047313194
2021/12/18,0.041658035
2021/12/19,0.036373402
2021/12/20,0.041091976
2021/12/21,0.029694653
2021/12/22,0.026370901
2021/12/23,0.033376731
2021/12/24,0.027383472
2021/12/25,0.021616435
2021/12/26,0.020802561
2021/12/27,0.019754344
2021/12/28,0.03580923
2021/12/29,0.035404118
2021/12/30,0.031700241
2021/12/31,0.034926633
2022/1/1,0.027016289
2022/1/2,0.023609765
2022/1/3,0.027927347
2022/1/4,0.030236823
2022/1/5,0.044471017
2022/1/6,0.042500978
2022/1/7,0.071863316
2022/1/8,0.049453225
2022/1/9,0.033240392
2022/1/10,0.05429978
2022/1/11,0.039081727
2022/1/12,0.032830801
2022/1/13,0.036883019
2022/1/14,0.034102222
2022/1/15,0.022877027
2022/1/16,0.025614859
2022/1/17,0.035406703
2022/1/18,0.035371153
2022/1/19,0.037445019
2022/1/20,0.037612908
2022/1/21,0.089577011
2022/1/22,0.103364487
2022/1/23,0.057485395
2022/1/24,0.091529793
2022/1/25,0.056148198
2022/1/26,0.074392845
2022/1/27,0.063814183
2022/1/28,0.059853781
2022/1/29,0.043651998
2022/1/30,0.035199846
2022/1/31,0.047219354
2022/2/1,0.040873099
2022/2/2,0.051119134
2022/2/3,0.047484996
2022/2/4,0.050825101
2022/2/5,0.036120273
2022/2/6,0.029756958
2022/2/7,0.033449221
2022/2/8,0.040070885
2022/2/9,0.033370527
2022/2/10,0.052118889
2022/2/11,0.052792127
2022/2/12,0.040549368
2022/2/13,0.033018945
2022/2/14,0.037368274
2022/2/15,0.034908252
2022/2/16,0.030487874
2022/2/17,0.045371306
2022/2/18,0.046123829
2022/2/19,0.031482687
2022/2/20,0.042455287
2022/2/21,0.069620139
2022/2/22,0.055040467
2022/2/23,0.040722098
2022/2/24,0.08868737
2022/2/25,0.059766811
2022/2/26,0.041403541
2022/2/27,0.057815616
2022/2/28,0.061110258
2022/3/1,0.052848391
2022/3/2,0.054191305
2022/3/3,0.037232359
2022/3/4,0.047242517
2022/3/5,0.0265639
2022/3/6,0.031706773
2022/3/7,0.045198813
2022/3/8,0.052415693
2022/3/9,0.037828017
2022/3/10,0.04052677
2022/3/11,0.040867409
2022/3/12,0.021966989
2022/3/13,0.031282908
2022/3/14,0.036658309
2022/3/15,0.033198578
2022/3/16,0.051801307
2022/3/17,0.026543988
2022/3/18,0.029178353
2022/3/19,0.022844476
2022/3/20,0.026519267
2022/3/21,0.031726171
2022/3/22,0.034074428
2022/3/23,0.032608647
2022/3/24,0.032362495
2022/3/25,0.027963194
2022/3/26,0.017885061
2022/3/27,0.024492702
2022/3/28,0.030325084
2022/3/29,0.03147744
2022/3/30,0.028426769
2022/3/31,0.029951553
2022/4/1,0.034386566
2022/4/2,0.030425906
2022/4/3,0.026900041
2022/4/4,0.028797602
2022/4/5,0.029933797
2022/4/6,0.048504731
2022/4/7,0.03425358
2022/4/8,0.033717506
2022/4/9,0.024234822
2022/4/10,0.020207061
2022/4/11,0.038919042
2022/4/12,0.035024893
2022/4/13,0.030400602
2022/4/14,0.026949294
2022/4/15,0.02453344
2022/4/16,0.016634392
2022/4/17,0.021582339
2022/4/18,0.037423079
2022/4/19,0.023181388
2022/4/20,0.029946337
2022/4/21,0.033596379
2022/4/22,0.032561415
2022/4/23,0.019649613
2022/4/24,0.022809686
2022/4/25,0.035752693
2022/4/26,0.035439534
2022/4/27,0.037151544
2022/4/28,0.038713062
2022/4/29,0.032248058
2022/4/30,0.029579907
2022/5/1,0.030993154
2022/5/2,0.033023261
2022/5/3,0.026306729
2022/5/4,0.035762647
2022/5/5,0.035222711
2022/5/6,0.043290335
2022/5/7,0.026593448
2022/5/8,0.039548155
2022/5/9,0.073576672
2022/5/10,0.074761208
2022/5/11,0.129796886
2022/5/12,0.148392189
2022/5/13,0.068791387
2022/5/14,0.04684526
2022/5/15,0.039168509
2022/5/16,0.052058906
2022/5/17,0.040785147
2022/5/18,0.046766297
2022/5/19,0.047528481
2022/5/20,0.039821325
2022/5/21,0.027268781
2022/5/22,0.025818228
2022/5/23,0.037485415
2022/5/24,0.035057716
2022/5/25,0.03455203
2022/5/26,0.065080114
2022/5/27,0.064910885
2022/5/28,0.037191403
2022/5/29,0.027124692
2022/5/30,0.041029635
2022/5/31,0.040564248
2022/6/1,0.048390519
2022/6/2,0.045074783
2022/6/3,0.03817907
2022/6/4,0.027937391
2022/6/5,0.023734273
2022/6/6,0.037018764
2022/6/7,0.065856766
2022/6/8,0.045458319
2022/6/9,0.028127995
2022/6/10,0.048450883
2022/6/11,0.06246384
2022/6/12,0.067217703
2022/6/13,0.134771151
2022/6/14,0.115815746
2022/6/15,0.16210153
2022/6/16,0.08708201
2022/6/17,0.067504728
2022/6/18,0.116560915
2022/6/19,0.104627094
2022/6/20,0.073823826
2022/6/21,0.056991156
2022/6/22,0.06418463
2022/6/23,0.051926757
2022/6/24,0.052326629
2022/6/25,0.048058209
2022/6/26,0.041534088
2022/6/27,0.03982321
2022/6/28,0.04420441
2022/6/29,0.05144143
2022/6/30,0.061993629
2022/7/1,0.067016531
2022/7/2,0.038043982
2022/7/3,0.052034167
2022/7/4,0.05073153
2022/7/5,0.048196154
2022/7/6,0.056369807
2022/7/7,0.041332032
2022/7/8,0.051750135
2022/7/9,0.030077177
2022/7/10,0.034608689
2022/7/11,0.035084615
2022/7/12,0.040791727
2022/7/13,0.071506958
2022/7/14,0.051102772
2022/7/15,0.056699867
2022/7/16,0.07485132
2022/7/17,0.055506194
2022/7/18,0.064642689
2022/7/19,0.076172382
2022/7/20,0.063615843
2022/7/21,0.06116302
2022/7/22,0.052524223
2022/7/23,0.043860298
2022/7/24,0.054023439
2022/7/25,0.062303639
2022/7/26,0.051400973
2022/7/27,0.054390624
2022/7/28,0.061374106
2022/7/29,0.058214395
2022/7/30,0.049853332
2022/7/31,0.043060056
2022/8/1,0.039744649
2022/8/2,0.057845685
2022/8/3,0.038526943
2022/8/4,0.040143015
2022/8/5,0.043966581
2022/8/6,0.028678358
2022/8/7,0.02613274
2022/8/8,0.035097216
2022/8/9,0.03249682
2022/8/10,0.051618537
2022/8/11,0.044039903
2022/8/12,0.034535546
2022/8/13,0.030356478
2022/8/14,0.033165582
2022/8/15,0.045011499
2022/8/16,0.037815084
2022/8/17,0.042539519
2022/8/18,0.032558525
2022/8/19,0.050620257
2022/8/20,0.04614807
2022/8/21,0.044014159
2022/8/22,0.051699168
2022/8/23,0.046255547
2022/8/24,0.036677622
2022/8/25,0.030482195
2022/8/26,0.056370043
2022/8/27,0.043126484
2022/8/28,0.035149331
2022/8/29,0.040825523
2022/8/30,0.060476582
2022/8/31,0.053804071
2022/9/1,0.049535375
2022/9/2,0.043615138
2022/9/3,0.028278191
2022/9/4,0.024845934
2022/9/5,0.029075501
2022/9/6,0.047731776
2022/9/7,0.050572944
2022/9/8,0.045386612
2022/9/9,0.041847627
2022/9/10,0.031450237
2022/9/11,0.032703768
2022/9/12,0.040607094
2022/9/13,0.066850852
2022/9/14,0.043307648
2022/9/15,0.0691563
2022/9/16,0.047063535
2022/9/17,0.027453443
2022/9/18,0.043776496
2022/9/19,0.049210881
2022/9/20,0.044320064
2022/9/21,0.073867549
2022/9/22,0.046921327
2022/9/23,0.051795079
2022/9/24,0.029449055
2022/9/25,0.03338036
2022/9/26,0.037406817
2022/9/27,0.038491783
2022/9/28,0.046145069
2022/9/29,0.039665878
2022/9/30,0.040363294
2022/10/1,0.018481629
2022/10/2,0.02470769
2022/10/3,0.026790713
2022/10/4,0.0222038
2022/10/5,0.024595005
2022/10/6,0.02970187
2022/10/7,0.02636379
2022/10/8,0.014296851
2022/10/9,0.014894536
2022/10/10,0.023686568
2022/10/11,0.023713387
2022/10/12,0.021508239
2022/10/13,0.057102459
2022/10/14,0.030248985
2022/10/15,0.018299076
2022/10/16,0.019579727
2022/10/17,0.020881343
2022/10/18,0.025081877
2022/10/19,0.022499875
2022/10/20,0.021489934
2022/10/21,0.025213512
2022/10/22,0.01226428
2022/10/23,0.021033681
2022/10/24,0.024775112
2022/10/25,0.064110117
2022/10/26,0.045445994
2022/10/27,0.040900607
2022/10/28,0.034190404
2022/10/29,0.041266214
2022/10/30,0.026690516
2022/10/31,0.038443303
2022/11/1,0.026677859
2022/11/2,0.047451961
2022/11/3,0.027545772
2022/11/4,0.03786413
2022/11/5,0.020931905
2022/11/6,0.027652481
2022/11/7,0.031604675
2022/11/8,0.110057219
2022/11/9,0.12206466
2022/11/10,0.106950197
2022/11/11,0.09283818
2022/11/12,0.038381815
2022/11/13,0.039771957
2022/11/14,0.058802408
2022/11/15,0.041158431
2022/11/16,0.03767851
2022/11/17,0.035428243
2022/11/18,0.022285496
2022/11/19,0.016388591
2022/11/20,0.038491108
2022/11/21,0.049824484
2022/11/22,0.037689422
2022/11/23,0.034221396
2022/11/24,0.024477412
2022/11/25,0.02318265
2022/11/26,0.019482289
2022/11/27,0.018073923
2022/11/28,0.028040173
2022/11/29,0.023844251
2022/11/30,0.04309773
2022/12/1,0.022005247
2022/12/2,0.023888569
2022/12/3,0.022149743
2022/12/4,0.021124599
2022/12/5,0.022840095
2022/12/6,0.020908835
2022/12/7,0.023541642
2022/12/8,0.008124346
2022/12/9,0.01616632
2022/12/10,0.011607801
2022/12/11,0.014847594
2022/12/12,0.018413179
2022/12/13,0.045310969
2022/12/14,0.023539441
2022/12/15,0.021235098
2022/12/16,0.039501009
2022/12/17,0.020483949
2022/12/18,0.017543373
2022/12/19,0.024614059
2022/12/20,0.028146171
2022/12/21,0.016519035
2022/12/22,0.026241749
2022/12/23,0.014134455
2022/12/24,0.007173302
2022/12/25,0.018307237
2022/12/26,0.009648788
2022/12/27,0.01293548
2022/12/28,0.022900659
2022/12/29,0.013387045
2022/12/30,0.01303733
2022/12/31,0.009521514
2023/1/1,0.007796826
2023/1/2,0.013723829
2023/1/3,0.009859968
2023/1/4,0.020964356
2023/1/5,0.011580559
2023/1/6,0.016279723
2023/1/7,0.006246334
2023/1/8,0.013941617
2023/1/9,0.021710257
2023/1/10,0.016907717
2023/1/11,0.023588344
2023/1/12,0.039775468
2023/1/13,0.02455369
2023/1/14,0.072181394
2023/1/15,0.027886877
2023/1/16,0.035757464
2023/1/17,0.028312382
2023/1/18,0.036570262
2023/1/19,0.022396147
2023/1/20,0.030912962
2023/1/21,0.032381002
2023/1/22,0.026125168
2023/1/23,0.032006833
2023/1/24,0.033348388
2023/1/25,0.037702218
2023/1/26,0.025385054
2023/1/27,0.028055012
2023/1/28,0.01855088
2023/1/29,0.02875962
2023/1/30,0.035746863
2023/1/31,0.02500531
2023/2/1,0.029315045
2023/2/2,0.036193132
2023/2/3,0.026787537
2023/2/4,0.020929641
2023/2/5,0.023122359
2023/2/6,0.024206987
2023/2/7,0.027933242
2023/2/8,0.022695524
2023/2/9,0.039027021
2023/2/10,0.035247361
2023/2/11,0.017785908
2023/2/12,0.018486168
2023/2/13,0.029444791
2023/2/14,0.040102547
2023/2/15,0.031875451
2023/2/16,0.037884982
2023/2/17,0.032992647
2023/2/18,0.017162064
2023/2/19,0.021760585
2023/2/20,0.025393353
2023/2/21,0.029203912
2023/2/22,0.030785307
2023/2/23,0.028754324
2023/2/24,0.028331294
2023/2/25,0.018640168
2023/2/26,0.020671566
2023/2/27,0.023115576
2023/2/28,0.023381409
2023/3/1,0.023860918
2023/3/2,0.022696579
2023/3/3,0.030819244
2023/3/4,0.014492598
2023/3/5,0.020338124
2023/3/6,0.016150013
2023/3/7,0.023267249
2023/3/8,0.019365953
2023/3/9,0.031844187
2023/3/10,0.045309895
2023/3/11,0.036126547
2023/3/12,0.050711675
2023/3/13,0.041254296
2023/3/14,0.048039983
2023/3/15,0.042566858
2023/3/16,0.031551995
2023/3/17,0.038759275
2023/3/18,0.031755507
2023/3/19,0.033801011
2023/3/20,0.032219736
2023/3/21,0.03201227
2023/3/22,0.039631728
2023/3/23,0.038336191
2023/3/24,0.039994203
2023/3/25,0.018834198
2023/3/26,0.023253648
2023/3/27,0.030275198
2023/3/28,0.028404555
2023/3/29,0.021301485
2023/3/30,0.033363646
2023/3/31,0.022142978
2023/4/1,0.013236421
2023/4/2,0.018800921
2023/4/3,0.029832919
2023/4/4,0.025354741
2023/4/5,0.026895936
2023/4/6,0.019362599
2023/4/7,0.015781826
2023/4/8,0.010987205
2023/4/9,0.017988699
2023/4/10,0.019476246
2023/4/11,0.019911245
2023/4/12,0.028176859
2023/4/13,0.021861238
2023/4/14,0.045549993
2023/4/15,0.017875163
2023/4/16,0.020490028
2023/4/17,0.020868679
2023/4/18,0.019525173
2023/4/19,0.031783813
2023/4/20,0.026688199
2023/4/21,0.031762761
2023/4/22,0.016409411
2023/4/23,0.020288085
2023/4/24,0.024715042
2023/4/25,0.023588137
2023/4/26,0.041714871
2023/4/27,0.03909166
2023/4/28,0.019819978
2023/4/29,0.013172443
2023/4/30,0.022559283
2023/5/1,0.031480856
2023/5/2,0.018947021
2023/5/3,0.025117821
2023/5/4,0.016830094
2023/5/5,0.029697124
2023/5/6,0.02629055
2023/5/7,0.022770786
2023/5/8,0.033766525
2023/5/9,0.019129224
2023/5/10,0.033485761
2023/5/11,0.023941681
2023/5/12,0.027670509
2023/5/13,0.01523771
2023/5/14,0.014596473
2023/5/15,0.02030886
2023/5/16,0.015961977
2023/5/17,0.016556066
2023/5/18,0.019091345
2023/5/19,0.015631382
2023/5/20,0.008864872
2023/5/21,0.010753574
2023/5/22,0.01334631
2023/5/23,0.021407442
2023/5/24,0.020046833
2023/5/25,0.018348867
2023/5/26,0.013101873
2023/5/27,0.009306867
2023/5/28,0.021175992
2023/5/29,0.015167712
2023/5/30,0.015129718
2023/5/31,0.015799534
2023/6/1,0.020251783
2023/6/2,0.014615747
2023/6/3,0.008403649
2023/6/4,0.011905647
2023/6/5,0.032599738
2023/6/6,0.020691424
2023/6/7,0.022470602
2023/6/8,0.013895198
2023/6/9,0.012342861
2023/6/10,0.034631126
2023/6/11,0.017762981
2023/6/12,0.021044854
2023/6/13,0.022673947
2023/6/14,0.034194361
2023/6/15,0.019650811
2023/6/16,0.022573781
2023/6/17,0.020109361
2023/6/18,0.014184088
2023/6/19,0.020647714
2023/6/20,0.019480967
2023/6/21,0.028428969
2023/6/22,0.023146039
2023/6/23,0.026741506
2023/6/24,0.014570704
2023/6/25,0.020744228
2023/6/26,0.024449368
2023/6/27,0.020404862
2023/6/28,0.02194587
2023/6/29,0.016550251
2023/6/30,0.040402082
2023/7/1,0.011857467
2023/7/2,0.020518348
2023/7/3,0.017741465
2023/7/4,0.012134609
2023/7/5,0.015416541
2023/7/6,0.024859324
2023/7/7,0.016664649
2023/7/8,0.010373163
2023/7/9,0.01450688
2023/7/10,0.01745876
2023/7/11,0.011567832
2023/7/12,0.015684459
2023/7/13,0.028421717
2023/7/14,0.025085791
2023/7/15,0.009748738
2023/7/16,0.012304398
2023/7/17,0.018623098
2023/7/18,0.015731359
2023/7/19,0.015627153
2023/7/20,0.015462798
2023/7/21,0.01140875
2023/7/22,0.016424792
2023/7/23,0.012988126
2023/7/24,0.020420272
2023/7/25,0.010843947
2023/7/26,0.013738647
2023/7/27,0.011041207
2023/7/28,0.009522298
2023/7/29,0.006110768
2023/7/30,0.009944847
2023/7/31,0.010501069
2023/8/1,0.024350314
2023/8/2,0.017333388
2023/8/3,0.013634436
2023/8/4,0.013168695
2023/8/5,0.006237923
2023/8/6,0.007443048
2023/8/7,0.01502489
2023/8/8,0.013786774
2023/8/9,0.010372956
2023/8/10,0.008999076
2023/8/11,0.007856319
2023/8/12,0.004052484
2023/8/13,0.006571685
2023/8/14,0.008059525
2023/8/15,0.01337216
2023/8/16,0.010965645
2023/8/17,0.116718561
2023/8/18,0.028024574
2023/8/19,0.014942496
2023/8/20,0.01283905
